surah_id,surah_name,surah_name_transliteration,surah_type,verse_count,E1_dot_length,E1_dot_density,E1_dot_entropy,E1_dot_compression,E1_dot_max_run_1,E1_dot_max_run_0,E1_dot_total_runs,E2_voice_length,E2_voice_density,E2_voice_entropy,E2_voice_compression,E2_voice_max_run_1,E2_voice_max_run_0,E2_voice_total_runs,E3_emphasis_length,E3_emphasis_density,E3_emphasis_entropy,E3_emphasis_compression,E3_emphasis_max_run_1,E3_emphasis_max_run_0,E3_emphasis_total_runs,E4_throat_length,E4_throat_density,E4_throat_entropy,E4_throat_compression,E4_throat_max_run_1,E4_throat_max_run_0,E4_throat_total_runs,E5_connect_length,E5_connect_density,E5_connect_entropy,E5_connect_compression,E5_connect_max_run_1,E5_connect_max_run_0,E5_connect_total_runs,E6_abjad_parity_length,E6_abjad_parity_density,E6_abjad_parity_entropy,E6_abjad_parity_compression,E6_abjad_parity_max_run_1,E6_abjad_parity_max_run_0,E6_abjad_parity_total_runs,E7_abjad_prime_length,E7_abjad_prime_density,E7_abjad_prime_entropy,E7_abjad_prime_compression,E7_abjad_prime_max_run_1,E7_abjad_prime_max_run_0,E7_abjad_prime_total_runs,E8_solar_length,E8_solar_density,E8_solar_entropy,E8_solar_compression,E8_solar_max_run_1,E8_solar_max_run_0,E8_solar_total_runs,E9_word_start_length,E9_word_start_density,E9_word_start_entropy,E9_word_start_compression,E9_word_start_max_run_1,E9_word_start_max_run_0,E9_word_start_total_runs,E10_word_end_length,E10_word_end_density,E10_word_end_entropy,E10_word_end_compression,E10_word_end_max_run_1,E10_word_end_max_run_0,E10_word_end_total_runs,E11_alpha_parity_length,E11_alpha_parity_density,E11_alpha_parity_entropy,E11_alpha_parity_compression,E11_alpha_parity_max_run_1,E11_alpha_parity_max_run_0,E11_alpha_parity_total_runs,E12_high_freq_length,E12_high_freq_density,E12_high_freq_entropy,E12_high_freq_compression,E12_high_freq_max_run_1,E12_high_freq_max_run_0,E12_high_freq_total_runs,E13_allah_letter_length,E13_allah_letter_density,E13_allah_letter_entropy,E13_allah_letter_compression,E13_allah_letter_max_run_1,E13_allah_letter_max_run_0,E13_allah_letter_total_runs,E14_symmetric_length,E14_symmetric_density,E14_symmetric_entropy,E14_symmetric_compression,E14_symmetric_max_run_1,E14_symmetric_max_run_0,E14_symmetric_total_runs,E15_ascending_length,E15_ascending_density,E15_ascending_entropy,E15_ascending_compression,E15_ascending_max_run_1,E15_ascending_max_run_0,E15_ascending_total_runs,E16_descending_length,E16_descending_density,E16_descending_entropy,E16_descending_compression,E16_descending_max_run_1,E16_descending_max_run_0,E16_descending_total_runs
1,الفاتحة,Al-Fatihah,meccan,7,125,0.304,0.8861,0.384,3,9,55,125,0.744,0.8207,0.368,13,3,55,125,0.056,0.3114,0.176,1,75,15,125,0.176,0.6712,0.28,1,12,45,125,0.8,0.7219,0.32,11,3,47,125,0.12,0.5294,0.28,1,28,31,125,0.072,0.3733,0.216,1,32,18,125,0.464,0.9963,0.384,5,5,66,125,0.24,0.795,0.28,1,6,60,125,0.24,0.795,0.288,1,6,60,122,0.582,0.9805,0.4016,5,7,66,125,0.824,0.6712,0.288,41,3,37,125,0.256,0.8207,0.336,4,9,47,125,0.232,0.7815,0.328,2,14,49,125,0.28,0.8555,0.36,3,9,49,125,0.272,0.8443,0.344,2,9,54
2,البقرة,Al-Baqarah,medinan,286,24629,0.332,0.917,0.1555,7,26,10812,24629,0.6016,0.97,0.1588,13,8,12774,24629,0.0407,0.2456,0.0555,2,220,1967,24629,0.1795,0.6791,0.125,3,37,8055,24629,0.7106,0.868,0.1512,25,7,10168,24629,0.205,0.7318,0.1348,5,43,8502,24629,0.1071,0.4911,0.0989,4,72,4831,24629,0.3716,0.9519,0.1563,7,13,13142,24776,0.2756,0.8494,0.1277,3,9,12550,24776,0.2756,0.8494,0.1277,3,9,12550,22789,0.4718,0.9977,0.1606,12,19,11239,24776,0.8825,0.5221,0.1036,96,4,5279,24776,0.2561,0.8207,0.1459,6,34,9482,24776,0.2707,0.8425,0.1487,6,29,10058,24776,0.2903,0.8691,0.1503,5,25,10718,24776,0.2188,0.758,0.138,5,32,8824
3,آل عمران,Ali 'Imran,medinan,200,13979,0.3462,0.9307,0.1582,7,28,6192,13979,0.6204,0.9578,0.1602,15,10,7180,13979,0.0391,0.238,0.0546,3,146,1073,13979,0.1718,0.6617,0.1238,3,30,4381,13979,0.7169,0.8597,0.1522,29,7,5702,13979,0.1931,0.7079,0.1318,5,41,4634,13979,0.1072,0.4913,0.102,3,72,2815,13979,0.3811,0.9588,0.1589,7,11,7432,14079,0.2769,0.8511,0.1311,3,8,7170,14079,0.2769,0.8511,0.131,3,8,7170,12965,0.4695,0.9973,0.1648,11,13,6445,14079,0.8853,0.514,0.1043,75,4,2931,14079,0.2533,0.8164,0.1467,5,40,5198,14079,0.261,0.8283,0.1496,6,33,5450,14079,0.2887,0.8671,0.1523,5,29,5990,14079,0.2321,0.7817,0.1428,4,25,5198
4,النساء,An-Nisa,medinan,176,15375,0.3326,0.9175,0.1569,10,25,6702,15375,0.5941,0.9743,0.1625,12,10,8055,15375,0.0382,0.2342,0.0543,3,177,1157,15375,0.1701,0.6579,0.1224,4,40,4775,15375,0.7071,0.8725,0.153,27,6,6261,15375,0.2115,0.7444,0.1355,5,32,5471,15375,0.1007,0.4712,0.0966,4,81,2871,15375,0.3687,0.9496,0.1579,6,13,7887,15466,0.2793,0.8544,0.1308,3,8,7684,15466,0.2793,0.8544,0.1307,3,8,7684,14227,0.4718,0.9977,0.164,10,13,7133,15466,0.8839,0.5179,0.1044,65,3,3277,15466,0.261,0.8282,0.1454,6,33,5853,15466,0.2752,0.8489,0.1507,8,29,6241,15466,0.3006,0.882,0.1538,6,24,6729,15466,0.2214,0.7627,0.1384,6,31,5534
5,المائدة,Al-Ma'idah,medinan,120,11400,0.3347,0.9197,0.1573,10,22,5006,11400,0.6089,0.9655,0.1604,12,8,5945,11400,0.0405,0.2447,0.057,2,148,913,11400,0.1825,0.6854,0.1275,3,28,3777,11400,0.7062,0.8735,0.1527,24,5,4666,11400,0.2077,0.7371,0.1364,5,32,3979,11400,0.1018,0.4748,0.0984,3,68,2159,11400,0.3691,0.95,0.1586,5,17,5986,11497,0.2765,0.8506,0.1307,3,9,5784,11497,0.2765,0.8506,0.1307,3,9,5784,10519,0.4752,0.9982,0.1641,17,13,5081,11497,0.8784,0.5339,0.1063,75,4,2543,11497,0.2518,0.8141,0.1463,6,37,4269,11497,0.2682,0.8389,0.1503,5,27,4542,11497,0.2911,0.8702,0.1514,5,21,4921,11497,0.2299,0.7778,0.1424,5,31,4163
6,الأنعام,Al-An'am,meccan,165,12088,0.3393,0.9241,0.1585,9,19,5417,12088,0.6053,0.9678,0.1637,16,8,6321,12088,0.0419,0.2508,0.0594,2,171,983,12088,0.1824,0.6853,0.1284,4,48,4029,12088,0.7029,0.8777,0.1539,25,8,5309,12088,0.2073,0.7363,0.1368,5,33,4199,12088,0.1088,0.4962,0.1028,3,75,2407,12088,0.3699,0.9506,0.1592,6,12,6406,12136,0.2748,0.8483,0.1322,3,8,6260,12136,0.2748,0.8483,0.1323,3,8,6260,11159,0.4799,0.9988,0.164,12,15,5546,12136,0.8748,0.544,0.1103,56,3,2703,12136,0.2451,0.8033,0.1459,7,34,4656,12136,0.2776,0.8522,0.1532,6,22,5145,12136,0.287,0.8648,0.154,6,27,5064,12136,0.2356,0.7876,0.1441,5,30,4529
7,الأعراف,Al-A'raf,meccan,206,13679,0.3467,0.9311,0.1589,6,18,6258,13679,0.5916,0.9757,0.1622,13,10,7200,13679,0.045,0.2646,0.0602,3,129,1191,13679,0.1823,0.685,0.1256,3,36,4573,13679,0.6982,0.8835,0.1531,22,6,5944,13679,0.2154,0.7518,0.1392,6,29,4904,13679,0.1058,0.4871,0.1001,3,74,2681,13679,0.3687,0.9497,0.1586,7,14,7322,13756,0.2674,0.8377,0.1285,3,9,6832,13756,0.2674,0.8377,0.1285,3,9,6832,12622,0.4632,0.9961,0.163,15,13,6153,13756,0.8781,0.5348,0.1093,56,3,3021,13756,0.244,0.8017,0.145,5,25,5192,13756,0.2831,0.8596,0.1519,6,31,5898,13756,0.2843,0.8613,0.1514,5,22,5792,13756,0.2385,0.7926,0.1432,5,27,5198
8,الأنفال,Al-Anfal,medinan,75,5082,0.3379,0.9228,0.1621,6,19,2184,5082,0.6283,0.952,0.1647,12,6,2571,5082,0.0384,0.2348,0.0596,2,111,379,5082,0.1773,0.6741,0.1287,3,30,1635,5082,0.7072,0.8723,0.1556,21,6,2057,5082,0.1928,0.7074,0.1362,4,37,1671,5082,0.1027,0.4775,0.1031,3,61,959,5082,0.3627,0.9449,0.1645,6,12,2631,5110,0.2705,0.8421,0.1374,3,9,2534,5110,0.2705,0.8421,0.1374,3,9,2534,4713,0.4778,0.9986,0.1731,9,13,2285,5110,0.8922,0.4933,0.1039,55,3,1005,5110,0.2464,0.8055,0.1505,5,25,1795,5110,0.2673,0.8376,0.1556,5,23,2005,5110,0.2838,0.8605,0.1552,5,26,2133,5110,0.236,0.7883,0.1481,5,28,1902
9,التوبة,At-Tawbah,medinan,129,10396,0.3232,0.9078,0.1583,7,22,4446,10396,0.6242,0.955,0.1618,20,9,5431,10396,0.0388,0.2366,0.056,2,198,795,10396,0.1868,0.6947,0.1297,5,42,3489,10396,0.7081,0.8712,0.1553,22,7,4313,10396,0.2043,0.7305,0.1357,5,37,3637,10396,0.1199,0.5289,0.109,3,44,2268,10396,0.3667,0.9481,0.1602,6,14,5507,10446,0.2655,0.8349,0.1323,3,8,5110,10446,0.2655,0.8349,0.1323,3,8,5110,9664,0.4835,0.9992,0.1647,14,12,4845,10446,0.8883,0.5051,0.1042,93,3,2141,10446,0.2578,0.8234,0.1479,6,31,3869,10446,0.2743,0.8475,0.1528,8,23,4107,10446,0.2728,0.8455,0.1504,6,32,4187,10446,0.2274,0.7734,0.1431,4,26,3825
10,يونس,Yunus,meccan,109,7179,0.3514,0.9353,0.1624,7,19,3316,7179,0.6072,0.9666,0.166,18,8,3734,7179,0.0425,0.2536,0.0606,2,139,593,7179,0.175,0.6689,0.1294,6,47,2295,7179,0.7142,0.8633,0.158,18,6,3046,7179,0.2028,0.7275,0.1403,6,33,2430,7179,0.0974,0.4606,0.0975,3,69,1297,7179,0.3758,0.955,0.1653,7,14,3798,7216,0.2777,0.8523,0.1333,3,7,3776,7216,0.2777,0.8523,0.1329,3,7,3776,6630,0.4656,0.9966,0.1686,13,14,3271,7216,0.8835,0.5194,0.1074,48,3,1571,7216,0.2493,0.8102,0.1491,6,23,2742,7216,0.2603,0.8271,0.1526,6,20,2916,7216,0.2941,0.8739,0.1577,5,23,2996,7216,0.2428,0.7997,0.1466,5,37,2864
11,هود,Hud,meccan,123,7482,0.3361,0.9211,0.1613,7,19,3322,7482,0.6014,0.9701,0.1632,15,6,3964,7482,0.0433,0.2572,0.0599,2,155,635,7482,0.189,0.6993,0.1314,3,34,2531,7482,0.6874,0.8962,0.1581,18,6,3338,7482,0.2207,0.7614,0.1425,5,33,2706,7482,0.1043,0.4823,0.1025,2,72,1449,7482,0.3476,0.9319,0.1621,5,14,3880,7516,0.2787,0.8537,0.13,3,9,3928,7516,0.2787,0.8537,0.13,3,9,3928,6834,0.4914,0.9998,0.1678,11,12,3409,7516,0.883,0.5205,0.1086,46,3,1619,7516,0.2342,0.7852,0.1457,5,22,2758,7516,0.2785,0.8534,0.1546,6,21,3174,7516,0.2859,0.8634,0.1574,6,25,3082,7516,0.2429,0.7999,0.1468,5,23,2826
12,يوسف,Yusuf,meccan,111,6954,0.3558,0.9391,0.1654,6,18,3306,6954,0.5771,0.9828,0.1655,12,7,3744,6954,0.0459,0.2686,0.0623,3,125,615,6954,0.2061,0.7339,0.1366,3,22,2503,6954,0.7036,0.8768,0.1575,22,6,3034,6954,0.2266,0.7721,0.1451,5,23,2584,6954,0.1097,0.4991,0.1038,4,68,1377,6954,0.3663,0.9478,0.1616,5,14,3720,6991,0.2756,0.8494,0.1305,3,7,3636,6991,0.2756,0.8494,0.1305,3,7,3636,6360,0.4794,0.9988,0.1697,9,10,3183,6991,0.8846,0.5161,0.1073,75,4,1459,6991,0.2493,0.8102,0.1501,5,28,2636,6991,0.2682,0.8389,0.1531,6,24,2904,6991,0.2952,0.8754,0.1565,6,25,2988,6991,0.2469,0.8063,0.1498,5,25,2714
13,الرعد,Ar-Ra'd,medinan,43,3309,0.3267,0.9115,0.1683,11,16,1426,3309,0.6174,0.9599,0.1723,15,5,1748,3309,0.045,0.2649,0.0689,3,113,281,3309,0.1877,0.6966,0.1366,2,22,1111,3309,0.706,0.8739,0.1626,31,8,1368,3309,0.2067,0.7351,0.146,4,29,1142,3309,0.123,0.5379,0.1145,3,36,732,3309,0.3775,0.9562,0.1717,5,13,1717,3328,0.2864,0.864,0.1391,3,9,1756,3328,0.2864,0.864,0.1391,3,9,1756,3058,0.4801,0.9989,0.1766,8,9,1616,3328,0.8816,0.5247,0.1121,48,2,735,3328,0.2659,0.8356,0.1596,5,31,1326,3328,0.2785,0.8535,0.1638,5,21,1382,3328,0.293,0.8725,0.165,5,19,1416,3328,0.2239,0.7672,0.1502,5,26,1209
14,ابراهيم,Ibrahim,meccan,52,3338,0.3364,0.9214,0.1708,6,13,1468,3338,0.6255,0.954,0.1732,14,6,1706,3338,0.0374,0.2305,0.0608,2,108,247,3338,0.1645,0.6449,0.1264,3,34,1029,3338,0.7037,0.8767,0.1645,21,5,1416,3338,0.195,0.7119,0.1444,4,31,1112,3338,0.104,0.4814,0.1087,3,59,626,3338,0.3984,0.97,0.1744,6,15,1773,3349,0.2675,0.8379,0.1374,3,8,1690,3349,0.2675,0.8379,0.1374,3,8,1690,3093,0.4821,0.9991,0.1775,8,9,1596,3349,0.8803,0.5286,0.1165,65,3,733,3349,0.2493,0.8102,0.1568,6,26,1228,3349,0.2831,0.8596,0.166,5,19,1412,3349,0.2926,0.8721,0.1687,5,19,1378,3349,0.2338,0.7846,0.1529,5,20,1265
15,الحجر,Al-Hijr,meccan,99,2728,0.3633,0.9454,0.1785,9,14,1292,2728,0.61,0.9648,0.1738,10,6,1424,2728,0.0513,0.292,0.0766,2,86,273,2728,0.1826,0.6856,0.1356,3,37,939,2728,0.7196,0.856,0.1653,16,5,1184,2728,0.2111,0.7437,0.1488,6,30,944,2728,0.1012,0.4727,0.1048,2,72,527,2728,0.3776,0.9563,0.1734,5,9,1498,2748,0.2587,0.8248,0.1368,2,9,1342,2748,0.2587,0.8248,0.1368,2,9,1342,2518,0.4579,0.9949,0.1811,11,19,1297,2748,0.8821,0.5233,0.1157,51,3,565,2748,0.2325,0.7824,0.1547,4,21,1000,2748,0.2587,0.8248,0.1583,4,19,1156,2748,0.2864,0.864,0.1663,6,23,1146,2748,0.2646,0.8335,0.1641,5,22,1090
16,النحل,An-Nahl,meccan,128,7377,0.3356,0.9206,0.1619,8,19,3302,7377,0.6214,0.9571,0.165,22,7,3826,7377,0.0329,0.2089,0.0522,3,173,473,7377,0.1751,0.6693,0.1265,3,34,2384,7377,0.7171,0.8594,0.1558,24,7,3074,7377,0.1986,0.7191,0.1362,6,34,2518,7377,0.1124,0.507,0.1059,3,46,1531,7377,0.38,0.958,0.1639,5,13,3924,7409,0.2774,0.8518,0.1325,3,8,3786,7409,0.2774,0.8518,0.1327,3,8,3786,6834,0.4773,0.9985,0.1678,9,12,3449,7409,0.8803,0.5286,0.1103,48,3,1643,7409,0.2527,0.8155,0.1512,7,27,2807,7409,0.2655,0.8349,0.1518,8,26,2993,7409,0.2864,0.864,0.1563,5,23,3046,7409,0.2295,0.7771,0.1429,5,26,2800
17,الإسراء,Al-Isra,meccan,111,6332,0.337,0.9219,0.1639,8,19,2885,6332,0.5824,0.9803,0.1698,15,8,3407,6332,0.0434,0.2578,0.0616,2,297,539,6332,0.1764,0.6722,0.1292,3,40,2039,6332,0.678,0.9066,0.1616,15,8,2722,6332,0.222,0.7639,0.1431,4,30,2336,6332,0.1041,0.4818,0.1025,3,48,1225,6332,0.3757,0.955,0.1657,6,17,3470,6364,0.2841,0.861,0.1381,3,8,3196,6364,0.2841,0.861,0.138,3,8,3196,5806,0.4656,0.9966,0.1719,10,13,2826,6364,0.8721,0.5517,0.115,51,3,1493,6364,0.2465,0.8058,0.1472,4,30,2528,6364,0.3,0.8813,0.1607,6,21,2797,6364,0.3077,0.8905,0.16,5,17,2826,6364,0.2362,0.7886,0.1479,5,24,2405
18,الكهف,Al-Kahf,meccan,110,6308,0.3445,0.929,0.1647,8,15,2887,6308,0.5715,0.9852,0.1682,15,7,3374,6308,0.0449,0.2642,0.0618,3,111,555,6308,0.1894,0.7003,0.1338,3,37,2145,6308,0.6855,0.8983,0.1609,17,7,2694,6308,0.2387,0.7929,0.1487,5,27,2532,6308,0.12,0.5294,0.1111,3,50,1389,6308,0.3676,0.9488,0.1658,6,15,3262,6330,0.284,0.8609,0.1362,3,8,3206,6330,0.284,0.8609,0.1363,3,8,3206,5827,0.4841,0.9993,0.1721,13,12,2913,6330,0.8682,0.5622,0.1125,51,3,1523,6330,0.2559,0.8205,0.1502,5,26,2593,6330,0.2978,0.8786,0.1578,7,22,2664,6330,0.2869,0.8647,0.1564,5,25,2707,6330,0.2288,0.7758,0.1479,6,36,2293
19,مريم,Maryam,meccan,98,3729,0.3612,0.9437,0.17,7,22,1773,3729,0.6002,0.9709,0.1676,13,8,1991,3729,0.0394,0.2396,0.0611,2,157,281,3729,0.1738,0.6663,0.1287,2,35,1209,3729,0.6897,0.8935,0.1671,28,7,1680,3729,0.2137,0.7486,0.1451,6,26,1382,3729,0.1043,0.4825,0.1081,2,56,715,3729,0.3717,0.952,0.1695,7,10,1915,3751,0.3002,0.8815,0.1434,3,7,1950,3751,0.3002,0.8815,0.1429,3,7,1951,3483,0.4823,0.9991,0.1774,8,11,1836,3751,0.8814,0.5254,0.1162,54,3,791,3751,0.2386,0.7927,0.1509,4,20,1448,3751,0.2962,0.8766,0.1632,5,24,1642,3751,0.2834,0.86,0.1616,5,19,1617,3751,0.2543,0.8181,0.1538,5,34,1577
20,طه,Taha,meccan,135,5175,0.3476,0.9319,0.1648,8,25,2341,5175,0.5567,0.9907,0.1702,10,8,2821,5175,0.0512,0.2915,0.0709,2,98,516,5175,0.1946,0.711,0.1341,2,29,1861,5175,0.7072,0.8723,0.1614,20,7,2273,5175,0.2172,0.755,0.1432,4,29,1890,5175,0.1009,0.4717,0.1024,3,90,973,5175,0.3575,0.9406,0.1658,6,11,2754,5195,0.283,0.8595,0.1338,3,8,2708,5195,0.283,0.8595,0.1336,3,8,2708,4684,0.4827,0.9991,0.1746,10,15,2397,5195,0.872,0.5519,0.1153,45,3,1184,5195,0.2391,0.7935,0.1505,6,24,1915,5195,0.2731,0.8459,0.1565,5,19,2213,5195,0.291,0.8701,0.16,5,24,2242,5195,0.2504,0.812,0.1544,5,24,2066
21,الأنبياء,Al-Anbya,meccan,112,4807,0.3439,0.9285,0.1654,7,21,2241,4807,0.5977,0.9723,0.1706,16,8,2518,4807,0.041,0.2468,0.0614,2,109,384,4807,0.1868,0.6948,0.1311,3,22,1682,4807,0.6996,0.8818,0.1616,19,7,2033,4807,0.2197,0.7596,0.1454,4,27,1709,4807,0.1103,0.5007,0.1071,3,48,963,4807,0.3778,0.9565,0.1654,4,15,2650,4838,0.2637,0.8323,0.1341,3,7,2378,4838,0.2637,0.8323,0.1344,3,7,2378,4465,0.4676,0.997,0.1716,10,12,2159,4838,0.8834,0.5194,0.1095,60,4,1015,4838,0.2509,0.8127,0.1523,6,20,1899,4838,0.2819,0.8581,0.1583,7,22,2069,4838,0.2799,0.8553,0.1585,5,27,2021,4838,0.2389,0.7933,0.1461,4,24,1867
22,الحج,Al-Hajj,medinan,78,4948,0.3375,0.9224,0.1659,6,23,2158,4948,0.6253,0.9542,0.1675,16,8,2547,4948,0.0426,0.2543,0.0633,2,128,411,4948,0.1774,0.6745,0.131,4,41,1591,4948,0.7262,0.8469,0.1562,30,8,1906,4948,0.1993,0.7205,0.1386,3,31,1683,4948,0.1172,0.5213,0.1118,3,53,1059,4948,0.382,0.9594,0.1655,6,11,2600,4977,0.2775,0.852,0.1314,3,9,2584,4977,0.2775,0.852,0.1314,3,9,2584,4607,0.4973,1.0,0.1726,11,9,2301,4977,0.8768,0.5384,0.1141,37,3,1135,4977,0.2596,0.8261,0.1561,6,28,1863,4977,0.2656,0.8351,0.1573,5,24,1910,4977,0.2821,0.8583,0.1519,4,17,2131,4977,0.2383,0.7922,0.1475,5,26,1851
23,المؤمنون,Al-Mu'minun,meccan,118,4240,0.358,0.941,0.1686,7,13,2011,4240,0.5998,0.9711,0.1708,18,6,2244,4240,0.0422,0.2524,0.0639,2,128,354,4240,0.1906,0.7027,0.1347,4,22,1478,4240,0.7057,0.8743,0.1611,28,6,1849,4240,0.208,0.7377,0.141,5,42,1483,4240,0.1101,0.5003,0.1085,3,53,851,4240,0.3698,0.9505,0.1634,7,15,2332,4264,0.2702,0.8417,0.1356,2,8,2164,4264,0.2702,0.8417,0.1353,2,8,2164,3923,0.468,0.997,0.1779,8,16,1949,4264,0.8788,0.5329,0.1137,62,3,933,4264,0.2376,0.791,0.1492,4,27,1641,4264,0.2683,0.839,0.155,5,29,1751,4264,0.2718,0.8441,0.1576,5,28,1751,4264,0.2402,0.7953,0.1494,4,20,1649
24,النور,An-Nur,medinan,64,5402,0.3389,0.9238,0.1638,7,18,2361,5402,0.6227,0.9561,0.1675,16,8,2718,5402,0.032,0.2044,0.0526,2,171,343,5402,0.1833,0.6872,0.13,3,30,1785,5402,0.7247,0.8489,0.1549,22,5,2121,5402,0.2036,0.7291,0.1368,5,43,1837,5402,0.1205,0.5308,0.1116,3,53,1201,5402,0.3693,0.9501,0.1651,6,12,2842,5435,0.2718,0.844,0.133,3,9,2712,5435,0.2718,0.844,0.133,3,9,2712,4972,0.4861,0.9994,0.1698,11,9,2501,5435,0.8729,0.5495,0.1124,50,3,1257,5435,0.2493,0.8102,0.1489,6,60,1999,5435,0.2537,0.8171,0.1509,4,25,2142,5435,0.2797,0.855,0.1536,5,27,2303,5435,0.2199,0.7599,0.145,5,26,1903
25,الفرقان,Al-Furqan,meccan,77,3685,0.3343,0.9193,0.1688,8,14,1662,3685,0.6011,0.9703,0.1707,14,6,1993,3685,0.0407,0.2455,0.0638,2,97,297,3685,0.1604,0.6352,0.1273,4,42,1099,3685,0.6518,0.9324,0.1715,13,10,1660,3685,0.225,0.7691,0.1495,4,25,1390,3685,0.1015,0.4737,0.1056,4,61,671,3685,0.3764,0.9555,0.1682,5,11,1986,3704,0.2862,0.8637,0.1425,3,7,1824,3704,0.2862,0.8637,0.142,3,7,1824,3449,0.4395,0.9894,0.1801,9,15,1707,3704,0.8828,0.5212,0.112,57,2,813,3704,0.2686,0.8395,0.1598,4,19,1578,3704,0.3402,0.925,0.1725,7,14,1712,3704,0.307,0.8896,0.1628,6,16,1650,3704,0.2389,0.7933,0.1517,5,20,1407
26,الشعراء,Ash-Shu'ara,meccan,227,5365,0.3694,0.9502,0.156,8,13,2416,5365,0.628,0.9522,0.1543,16,6,2666,5365,0.0425,0.2536,0.0621,2,98,450,5365,0.1834,0.6875,0.1267,3,31,1833,5365,0.7062,0.8735,0.1497,22,6,2451,5365,0.2007,0.7234,0.1288,4,31,1840,5365,0.091,0.4397,0.09,3,80,929,5365,0.3747,0.9542,0.1532,7,14,3011,5393,0.2635,0.832,0.1228,3,8,2714,5393,0.2635,0.832,0.1228,3,8,2714,4910,0.4678,0.997,0.1635,11,14,2418,5393,0.8943,0.4868,0.0999,65,3,1044,5393,0.2155,0.7518,0.1352,5,33,1817,5393,0.2513,0.8133,0.1415,5,23,2189,5393,0.2883,0.8666,0.1483,6,23,2200,5393,0.2694,0.8406,0.1426,5,21,2120
27,النمل,An-Naml,meccan,93,4569,0.3438,0.9284,0.1681,7,16,2090,4569,0.5912,0.9759,0.1698,12,7,2406,4569,0.0466,0.2719,0.067,2,181,410,4569,0.1898,0.701,0.1344,3,23,1589,4569,0.7006,0.8806,0.162,19,7,1945,4569,0.2241,0.7676,0.1469,6,32,1650,4569,0.1077,0.4929,0.1077,4,52,899,4569,0.3778,0.9564,0.1679,6,13,2513,4584,0.2714,0.8434,0.1333,3,8,2360,4584,0.2714,0.8434,0.1333,3,8,2360,4186,0.4742,0.9981,0.1751,9,12,2098,4584,0.8829,0.5211,0.1126,46,3,1004,4584,0.2452,0.8036,0.1534,5,31,1685,4584,0.272,0.8444,0.1577,7,26,1923,4584,0.286,0.8635,0.1573,5,19,1968,4584,0.2435,0.8007,0.1501,5,25,1774
28,القصص,Al-Qasas,meccan,88,5638,0.3496,0.9337,0.1651,7,22,2530,5638,0.5949,0.9739,0.1692,12,9,2916,5638,0.0443,0.2619,0.064,4,114,476,5638,0.1894,0.7003,0.1339,3,34,1901,5638,0.7112,0.8671,0.157,20,5,2393,5638,0.2162,0.7532,0.1446,5,24,2008,5638,0.1022,0.4758,0.1027,3,64,1067,5638,0.3732,0.9531,0.165,5,9,3081,5658,0.2755,0.8493,0.1343,3,7,2924,5658,0.2755,0.8493,0.1341,3,7,2924,5163,0.4683,0.9971,0.1695,11,13,2682,5658,0.8856,0.5129,0.1089,51,3,1188,5658,0.2462,0.8052,0.1511,5,27,2151,5658,0.2628,0.831,0.1543,5,23,2301,5658,0.2844,0.8613,0.161,6,22,2350,5658,0.2586,0.8246,0.1524,5,23,2328
29,العنكبوت,Al-'Ankabut,meccan,69,4033,0.3437,0.9283,0.1686,8,18,1842,4033,0.6184,0.9592,0.1696,18,6,2018,4033,0.0392,0.2385,0.0603,2,153,315,4033,0.1778,0.6752,0.1329,3,28,1291,4033,0.7089,0.8701,0.1602,20,6,1712,4033,0.2125,0.7462,0.1438,6,26,1402,4033,0.1098,0.4994,0.1081,2,49,817,4033,0.3771,0.956,0.1684,5,13,2168,4053,0.2675,0.8378,0.1404,3,9,2006,4053,0.2675,0.8378,0.1399,3,9,2006,3726,0.4471,0.9919,0.1763,9,15,1843,4053,0.8848,0.5155,0.1088,54,3,837,4053,0.2623,0.8302,0.1559,5,22,1622,4053,0.2642,0.8331,0.1559,4,21,1660,4053,0.2976,0.8783,0.1633,6,24,1756,4053,0.2359,0.7881,0.1498,4,22,1516
30,الروم,Ar-Rum,meccan,60,3270,0.3578,0.9408,0.1713,8,14,1492,3270,0.6199,0.9581,0.1737,14,7,1676,3270,0.0437,0.2591,0.0651,1,135,287,3270,0.1676,0.6521,0.1281,3,35,1021,3270,0.7187,0.8573,0.1612,24,6,1330,3270,0.182,0.6843,0.1373,3,36,1008,3270,0.0982,0.4632,0.1043,3,57,591,3270,0.3765,0.9555,0.1722,7,14,1716,3284,0.2753,0.8489,0.1413,3,7,1686,3284,0.2753,0.8489,0.141,3,7,1686,3054,0.4944,0.9999,0.1798,11,12,1537,3284,0.8849,0.5151,0.113,43,2,711,3284,0.2305,0.7789,0.1523,5,26,1202,3284,0.2734,0.8464,0.1605,5,23,1366,3284,0.2658,0.8354,0.1577,4,20,1296,3284,0.2421,0.7985,0.1519,5,25,1280
31,لقمان,Luqman,meccan,34,2016,0.3274,0.9122,0.1796,6,14,887,2016,0.6235,0.9555,0.1776,10,4,1054,2016,0.0382,0.234,0.0699,2,114,149,2016,0.1835,0.6877,0.1399,3,25,663,2016,0.7257,0.8476,0.1691,18,6,811,2016,0.1959,0.7137,0.1478,4,25,672,2016,0.1151,0.515,0.123,3,62,421,2016,0.3914,0.9657,0.1811,5,9,1072,2025,0.2904,0.8692,0.1511,3,7,1110,2025,0.2904,0.8692,0.1516,3,7,1110,1867,0.4938,0.9999,0.1912,11,8,958,2025,0.8751,0.5434,0.1269,34,3,471,2025,0.2598,0.8264,0.1694,5,30,780,2025,0.2642,0.833,0.1689,5,18,821,2025,0.2953,0.8755,0.1714,6,17,870,2025,0.2277,0.7739,0.1585,5,26,762
32,السجدة,As-Sajdah,meccan,30,1481,0.3552,0.9386,0.1897,5,13,712,1481,0.6124,0.9632,0.1931,10,7,790,1481,0.0405,0.2446,0.0749,1,103,121,1481,0.1688,0.655,0.1452,2,28,457,1481,0.6982,0.8835,0.1783,26,8,640,1481,0.208,0.7376,0.1607,4,33,528,1481,0.1053,0.4857,0.1229,4,69,283,1481,0.3693,0.9502,0.1884,5,10,808,1488,0.2728,0.8455,0.1566,2,8,760,1488,0.2728,0.8455,0.1566,2,8,760,1370,0.4701,0.9974,0.1956,8,15,687,1488,0.8925,0.4924,0.1223,71,2,297,1488,0.2272,0.773,0.164,4,15,574,1488,0.2829,0.8594,0.1761,5,20,622,1488,0.2621,0.8299,0.1694,4,27,582,1488,0.2547,0.8186,0.1714,4,19,614
33,الأحزاب,Al-Ahzab,medinan,73,5393,0.3336,0.9185,0.163,8,16,2304,5393,0.6082,0.966,0.1676,12,6,2814,5393,0.0382,0.234,0.058,2,218,403,5393,0.1739,0.6666,0.13,5,34,1691,5393,0.6927,0.89,0.1615,21,9,2302,5393,0.2194,0.759,0.1431,4,122,1940,5393,0.105,0.4845,0.1042,2,78,1069,5393,0.377,0.9559,0.1632,9,14,2891,5436,0.2783,0.8532,0.1363,3,7,2668,5436,0.2783,0.8532,0.1363,3,7,2668,4996,0.4506,0.9929,0.1703,8,17,2500,5436,0.883,0.5207,0.1093,53,3,1147,5436,0.2686,0.8394,0.1516,5,26,2076,5436,0.2802,0.8557,0.1571,6,19,2216,5436,0.3054,0.8878,0.1567,6,26,2400,5436,0.2391,0.7936,0.1477,4,22,2096
34,سبإ,Saba,meccan,54,3411,0.3547,0.9382,0.1718,7,18,1530,3411,0.6277,0.9524,0.1686,13,6,1721,3411,0.0437,0.2589,0.068,2,104,289,3411,0.1665,0.6497,0.1305,3,26,1059,3411,0.6869,0.8967,0.1683,16,6,1481,3411,0.2055,0.7328,0.1437,5,24,1191,3411,0.1047,0.4836,0.1067,3,51,654,3411,0.372,0.9522,0.1709,5,10,1800,3424,0.2777,0.8524,0.1387,3,7,1802,3424,0.2777,0.8524,0.1387,3,7,1802,3175,0.4731,0.9979,0.1776,10,9,1594,3424,0.8852,0.5142,0.1113,46,2,711,3424,0.2465,0.8057,0.1568,5,19,1330,3424,0.2959,0.8762,0.1647,6,18,1503,3424,0.2897,0.8684,0.163,6,26,1428,3424,0.2518,0.814,0.1589,5,21,1307
35,فاطر,Fatir,meccan,45,3030,0.336,0.9209,0.1719,6,22,1331,3030,0.6112,0.964,0.1792,13,6,1590,3030,0.0323,0.206,0.0601,2,126,187,3030,0.171,0.6599,0.1327,3,33,937,3030,0.695,0.8873,0.1696,21,6,1310,3030,0.2125,0.7463,0.1479,6,24,1070,3030,0.1145,0.5134,0.1132,3,58,633,3030,0.3908,0.9653,0.1752,7,10,1640,3043,0.2793,0.8545,0.1407,3,8,1586,3043,0.2793,0.8545,0.1407,3,8,1586,2814,0.4886,0.9996,0.1784,9,16,1431,3043,0.8722,0.5515,0.1222,43,3,691,3043,0.2586,0.8247,0.161,5,29,1159,3043,0.2935,0.8731,0.1663,6,21,1318,3043,0.2915,0.8706,0.1653,5,20,1307,3043,0.2356,0.7877,0.1541,4,32,1141
36,يس,Ya-Sin,meccan,83,2920,0.3452,0.9297,0.174,6,15,1393,2920,0.6127,0.9631,0.1791,15,6,1549,2920,0.0438,0.2596,0.0702,2,123,255,2920,0.1873,0.6958,0.1373,3,29,1011,2920,0.7024,0.8783,0.1678,18,7,1273,2920,0.2202,0.7605,0.1524,5,31,1055,2920,0.099,0.4657,0.1041,3,49,547,2920,0.3723,0.9524,0.1723,5,12,1576,2928,0.2623,0.8302,0.138,2,7,1460,2928,0.2623,0.8302,0.138,2,7,1460,2697,0.4709,0.9976,0.1806,9,11,1302,2928,0.8764,0.5397,0.1195,45,3,667,2928,0.2408,0.7963,0.1554,4,19,1093,2928,0.2749,0.8485,0.1605,4,17,1235,2928,0.2753,0.8489,0.1656,6,18,1203,2928,0.2555,0.8198,0.1581,3,16,1219
37,الصافات,As-Saffat,meccan,182,3675,0.3657,0.9473,0.1701,6,15,1774,3675,0.6174,0.9598,0.1701,13,7,1929,3675,0.0449,0.2643,0.068,2,95,323,3675,0.1785,0.6768,0.1306,3,29,1217,3675,0.7181,0.858,0.1624,20,10,1554,3675,0.2093,0.74,0.1426,3,26,1329,3675,0.1105,0.5014,0.1097,3,48,747,3675,0.3902,0.9649,0.1665,6,11,2146,3693,0.2532,0.8163,0.1335,3,8,1774,3693,0.2532,0.8163,0.1335,3,8,1775,3398,0.4635,0.9962,0.176,8,12,1741,3693,0.879,0.5323,0.1145,58,3,791,3693,0.2424,0.7989,0.1511,5,31,1421,3693,0.2594,0.8259,0.1562,5,20,1490,3693,0.2835,0.8602,0.1608,5,19,1555,3693,0.2551,0.8192,0.1543,7,20,1452
38,ص,Sad,meccan,88,2884,0.3478,0.9321,0.1727,6,16,1352,2884,0.5905,0.9762,0.1768,12,6,1558,2884,0.051,0.2905,0.0749,2,91,286,2884,0.1963,0.7144,0.1404,4,40,1027,2884,0.6817,0.9025,0.1713,18,7,1293,2884,0.2292,0.7766,0.1498,4,23,1121,2884,0.1193,0.5273,0.1137,3,55,625,2884,0.3762,0.9553,0.1709,6,11,1603,2903,0.277,0.8513,0.1385,3,7,1498,2903,0.277,0.8513,0.1385,3,7,1499,2659,0.4701,0.9974,0.1779,10,11,1416,2903,0.8598,0.5848,0.1261,48,3,698,2903,0.2491,0.8098,0.1554,6,20,1139,2903,0.2969,0.8775,0.1678,7,20,1232,2903,0.2997,0.8809,0.1691,6,23,1275,2903,0.2284,0.7752,0.1564,5,22,1060
39,الزمر,Az-Zumar,meccan,75,4544,0.3548,0.9382,0.1684,8,24,2063,4544,0.6103,0.9646,0.1695,18,7,2382,4544,0.0418,0.2505,0.0629,2,127,371,4544,0.1884,0.6981,0.132,4,25,1563,4544,0.7262,0.8468,0.1558,20,7,1761,4544,0.1994,0.7207,0.1433,5,35,1509,4544,0.1206,0.5311,0.1092,4,56,977,4544,0.3884,0.9638,0.1695,6,14,2447,4564,0.2809,0.8567,0.1385,3,8,2392,4564,0.2809,0.8567,0.1383,3,8,2392,4206,0.4765,0.9984,0.1736,9,11,2129,4564,0.8769,0.5383,0.1148,49,3,1031,4564,0.2553,0.8195,0.1553,6,23,1689,4564,0.2599,0.8265,0.1536,6,21,1775,4564,0.2796,0.8549,0.158,6,27,1861,4564,0.2371,0.7901,0.1475,5,21,1738
40,غافر,Ghafir,meccan,85,4776,0.348,0.9323,0.1669,6,16,2174,4776,0.6216,0.9569,0.1696,15,7,2442,4776,0.0396,0.2403,0.062,3,165,361,4776,0.17,0.6577,0.1309,3,35,1474,4776,0.7035,0.8769,0.1604,21,5,2093,4776,0.1903,0.7022,0.1367,5,31,1535,4776,0.1053,0.4856,0.1062,3,63,923,4776,0.3846,0.9612,0.1665,9,12,2506,4794,0.2776,0.8522,0.1337,3,8,2490,4794,0.2776,0.8522,0.1335,3,8,2490,4446,0.4899,0.9997,0.1723,11,12,2320,4794,0.8886,0.5041,0.1083,69,4,994,4794,0.2472,0.8068,0.1491,5,25,1793,4794,0.2806,0.8562,0.1581,5,22,2031,4794,0.2906,0.8695,0.1596,5,33,2045,4794,0.2393,0.7938,0.1506,4,27,1836
41,فصلت,Fussilat,meccan,54,3206,0.3478,0.9321,0.175,6,18,1471,3206,0.5958,0.9734,0.1753,13,6,1677,3206,0.0418,0.2505,0.0664,2,150,258,3206,0.1859,0.6928,0.136,3,29,1094,3206,0.6868,0.8968,0.1675,16,5,1407,3206,0.2249,0.769,0.1507,5,28,1204,3206,0.0995,0.4674,0.1029,2,81,613,3206,0.3646,0.9465,0.1706,6,10,1684,3218,0.2732,0.8459,0.1395,3,8,1624,3218,0.2732,0.8459,0.1395,3,8,1624,2943,0.4645,0.9964,0.1791,14,13,1435,3218,0.872,0.552,0.1203,45,3,759,3218,0.2477,0.8076,0.1594,5,27,1251,3218,0.2924,0.8718,0.1619,6,20,1413,3218,0.2806,0.8563,0.1628,7,17,1364,3218,0.2486,0.8091,0.156,3,20,1283
42,الشورى,Ash-Shuraa,meccan,53,3300,0.3452,0.9297,0.1676,8,15,1419,3300,0.6397,0.9429,0.1709,16,5,1642,3300,0.04,0.2423,0.0633,2,173,261,3300,0.1755,0.67,0.1373,3,25,1046,3300,0.71,0.8687,0.1633,17,6,1324,3300,0.1988,0.7195,0.1424,5,23,1099,3300,0.1139,0.5117,0.1088,3,60,691,3300,0.3706,0.9511,0.1739,5,14,1682,3317,0.281,0.8568,0.1366,4,8,1750,3317,0.281,0.8568,0.1366,4,8,1750,3060,0.5003,1.0,0.1742,9,13,1579,3317,0.8704,0.5564,0.1191,57,4,766,3317,0.2463,0.8054,0.1559,5,19,1257,3317,0.2771,0.8514,0.161,5,21,1364,3317,0.2728,0.8455,0.1646,5,24,1293,3317,0.2451,0.8034,0.1547,4,25,1248
43,الزخرف,Az-Zukhruf,meccan,89,3432,0.3491,0.9332,0.1716,6,13,1650,3432,0.6069,0.9667,0.174,14,8,1796,3432,0.0425,0.2538,0.0638,2,163,289,3432,0.1888,0.699,0.1375,3,24,1204,3432,0.7095,0.8694,0.1614,17,5,1493,3432,0.2112,0.7439,0.1471,6,46,1201,3432,0.1174,0.5219,0.1128,3,40,757,3432,0.361,0.9435,0.1696,5,15,1816,3448,0.2651,0.8343,0.1386,2,8,1706,3448,0.2651,0.8343,0.1383,2,8,1706,3176,0.4839,0.9993,0.1766,8,15,1578,3448,0.8831,0.5203,0.1111,67,3,738,3448,0.2349,0.7865,0.1531,4,22,1333,3448,0.2715,0.8436,0.1584,6,17,1459,3448,0.2665,0.8364,0.1613,5,18,1383,3448,0.2349,0.7865,0.1528,5,22,1306
44,الدخان,Ad-Dukhan,meccan,59,1396,0.3639,0.9459,0.1905,7,15,668,1396,0.6282,0.952,0.187,12,6,734,1396,0.0358,0.2228,0.0723,1,79,101,1396,0.1784,0.6765,0.1461,2,22,468,1396,0.7063,0.8734,0.1812,18,5,643,1396,0.2034,0.7288,0.1583,4,20,473,1396,0.1089,0.4965,0.1246,2,40,291,1396,0.3524,0.9362,0.1841,5,10,762,1404,0.2714,0.8434,0.1538,3,7,712,1404,0.2714,0.8434,0.1531,3,7,712,1286,0.4868,0.9995,0.1991,8,9,662,1404,0.8974,0.4771,0.1225,46,3,250,1404,0.2144,0.7498,0.1617,3,33,505,1404,0.2578,0.8235,0.1688,4,21,577,1404,0.2621,0.8299,0.1724,4,22,561,1404,0.2707,0.8424,0.1738,4,18,592
45,الجاثية,Al-Jathiyah,meccan,37,1948,0.3455,0.93,0.1766,7,14,859,1948,0.6073,0.9665,0.1843,12,6,1050,1948,0.0344,0.216,0.0662,2,142,131,1948,0.172,0.6622,0.1381,3,26,620,1948,0.7228,0.8516,0.1689,30,5,801,1948,0.2064,0.7345,0.155,5,28,665,1948,0.1099,0.4995,0.1176,3,57,385,1948,0.3599,0.9426,0.1817,5,13,983,1962,0.2757,0.8496,0.1509,3,8,1002,1962,0.2757,0.8496,0.1509,3,8,1002,1816,0.4741,0.9981,0.1911,12,11,933,1962,0.8812,0.5258,0.1218,29,3,415,1962,0.2548,0.8189,0.1667,5,23,765,1962,0.2625,0.8305,0.1672,4,34,807,1962,0.2778,0.8524,0.1702,5,22,801,1962,0.2263,0.7715,0.16,5,20,715
46,الأحقاف,Al-Ahqaf,meccan,35,2527,0.3443,0.9289,0.1753,7,16,1178,2527,0.6051,0.9679,0.1757,18,5,1312,2527,0.0471,0.2739,0.0748,2,86,235,2527,0.1876,0.6964,0.1421,3,26,858,2527,0.689,0.8944,0.1713,15,5,1099,2527,0.2117,0.7447,0.1484,6,25,913,2527,0.1025,0.4768,0.1112,3,52,475,2527,0.3645,0.9463,0.1765,6,12,1318,2543,0.2717,0.8439,0.1427,3,7,1312,2543,0.2717,0.8439,0.1431,3,7,1312,2340,0.4692,0.9973,0.1833,9,11,1176,2543,0.8871,0.5085,0.114,46,3,512,2543,0.247,0.8064,0.1612,5,20,993,2543,0.291,0.87,0.1663,4,16,1101,2543,0.2835,0.8602,0.1679,6,16,1073,2543,0.2399,0.7948,0.1616,4,20,988
47,محمد,Muhammad,medinan,38,2281,0.3104,0.8936,0.1762,6,17,907,2281,0.605,0.968,0.1824,10,6,1223,2281,0.0403,0.2438,0.0675,2,126,181,2281,0.1933,0.7084,0.1416,2,26,803,2281,0.7014,0.8795,0.1723,20,6,931,2281,0.2179,0.7563,0.1548,4,30,827,2281,0.1096,0.4987,0.1122,2,54,477,2281,0.3718,0.952,0.174,5,13,1176,2297,0.2595,0.8259,0.1376,2,8,1108,2297,0.2595,0.8259,0.138,2,8,1108,2092,0.4861,0.9994,0.185,9,11,980,2297,0.8846,0.5159,0.1171,50,2,495,2297,0.2621,0.8299,0.1633,5,16,856,2297,0.2677,0.8382,0.1654,8,20,865,2297,0.2926,0.872,0.1698,5,16,1006,2297,0.2068,0.7353,0.148,4,27,761
48,الفتح,Al-Fath,medinan,29,2368,0.3302,0.9152,0.1765,7,17,1025,2368,0.6174,0.9599,0.1782,10,6,1225,2368,0.038,0.2331,0.0671,2,116,179,2368,0.1761,0.6715,0.1381,3,29,738,2368,0.7141,0.8634,0.1668,22,8,967,2368,0.1997,0.7214,0.1465,3,36,815,2368,0.1115,0.5044,0.1144,3,48,483,2368,0.3868,0.9627,0.1829,5,14,1261,2376,0.2664,0.8363,0.1452,2,7,1132,2376,0.2664,0.8363,0.1452,2,7,1132,2217,0.4822,0.9991,0.1876,9,10,1133,2376,0.8822,0.5231,0.1157,73,4,534,2376,0.2609,0.8282,0.1604,5,22,912,2376,0.2769,0.8512,0.1696,7,21,934,2376,0.2841,0.861,0.165,4,23,999,2376,0.2285,0.7754,0.1587,4,19,849
49,الحجرات,Al-Hujurat,medinan,18,1432,0.3254,0.9102,0.1858,6,14,621,1432,0.6054,0.9677,0.1906,12,7,727,1432,0.0447,0.2634,0.0838,2,123,127,1432,0.1927,0.7072,0.1515,2,21,499,1432,0.7165,0.8602,0.1774,18,4,599,1432,0.2018,0.7255,0.1515,3,19,489,1432,0.0936,0.4483,0.1145,3,48,241,1432,0.361,0.9435,0.1851,4,11,738,1446,0.2752,0.8489,0.1563,2,7,722,1446,0.2752,0.8489,0.157,2,7,722,1307,0.4675,0.9969,0.1989,13,8,608,1446,0.8893,0.5019,0.1231,55,3,291,1446,0.2497,0.8107,0.1618,5,22,493,1446,0.2497,0.8107,0.1736,5,21,525,1446,0.3036,0.8856,0.1798,4,15,641,1446,0.2241,0.7675,0.166,4,20,539
50,ق,Qaf,meccan,45,1433,0.3761,0.9553,0.1926,6,13,720,1433,0.6225,0.9563,0.1898,14,6,730,1433,0.06,0.3275,0.0879,2,61,168,1433,0.1842,0.6892,0.1528,2,20,486,1433,0.7104,0.8682,0.1828,16,4,610,1433,0.1842,0.6892,0.1577,5,26,423,1433,0.1172,0.5214,0.127,3,57,309,1433,0.3685,0.9495,0.1891,4,14,806,1436,0.282,0.8582,0.1525,3,7,758,1436,0.282,0.8582,0.1525,2,7,759,1359,0.4915,0.9998,0.2016,12,8,716,1436,0.8865,0.5104,0.1233,39,2,309,1436,0.2277,0.774,0.1657,4,15,545,1436,0.2883,0.8665,0.1797,4,16,642,1436,0.2584,0.8243,0.1797,5,15,559,1436,0.2409,0.7966,0.1699,4,15,548
51,الذاريات,Adh-Dhariyat,meccan,60,1472,0.3641,0.9461,0.1929,9,15,678,1472,0.5999,0.971,0.1909,11,6,751,1472,0.0462,0.27,0.0802,2,134,135,1472,0.18,0.6801,0.1495,2,23,487,1472,0.7004,0.8808,0.1855,13,6,634,1472,0.1997,0.7214,0.1562,4,20,489,1472,0.0904,0.4376,0.1128,3,55,241,1472,0.3675,0.9488,0.1882,6,9,770,1477,0.2627,0.8308,0.153,3,7,726,1477,0.2627,0.8308,0.153,3,7,727,1368,0.4693,0.9973,0.1996,8,11,681,1477,0.8971,0.4782,0.1225,37,2,281,1477,0.2241,0.7676,0.1645,4,18,541,1477,0.2783,0.8531,0.1774,5,23,622,1477,0.26,0.8267,0.1713,5,19,587,1477,0.2539,0.8174,0.1686,4,21,590
52,الطور,At-Tur,meccan,49,1259,0.3487,0.9329,0.189,9,13,603,1259,0.6299,0.9508,0.1882,16,7,645,1259,0.0421,0.2518,0.0826,2,107,105,1259,0.1771,0.6737,0.1485,2,39,413,1259,0.7125,0.8655,0.1779,17,5,536,1259,0.1867,0.6944,0.1589,3,41,403,1259,0.1168,0.52,0.1287,2,41,271,1259,0.3495,0.9336,0.1827,4,9,659,1264,0.2714,0.8434,0.1566,3,7,632,1264,0.2714,0.8434,0.1566,3,7,633,1186,0.5228,0.9985,0.2015,12,11,564,1264,0.9146,0.4211,0.1179,47,2,213,1264,0.2112,0.7438,0.1622,4,22,437,1264,0.2785,0.8534,0.1796,6,16,518,1264,0.2366,0.7893,0.1709,4,25,483,1264,0.2389,0.7932,0.1741,3,16,485
53,النجم,An-Najm,meccan,62,1346,0.3135,0.8972,0.1872,8,15,571,1346,0.5676,0.9868,0.1909,11,8,754,1346,0.0297,0.193,0.0691,2,110,79,1346,0.2006,0.7231,0.1582,3,21,477,1346,0.6761,0.9086,0.1828,15,6,607,1346,0.2385,0.7925,0.1686,4,19,536,1346,0.1137,0.5109,0.1278,3,62,277,1346,0.3626,0.9448,0.1902,6,15,691,1353,0.2882,0.8664,0.153,2,7,736,1353,0.2882,0.8664,0.153,2,7,737,1133,0.4572,0.9947,0.2056,6,14,589,1353,0.8544,0.5987,0.1449,43,3,351,1353,0.2151,0.7511,0.167,4,22,446,1353,0.2705,0.8422,0.1774,6,16,587,1353,0.2838,0.8606,0.1863,5,18,570,1353,0.2373,0.7904,0.1693,3,18,517
54,القمر,Al-Qamar,meccan,55,1416,0.3475,0.9318,0.1773,9,27,666,1416,0.5982,0.972,0.1893,15,5,754,1416,0.0537,0.3018,0.0911,2,75,150,1416,0.1801,0.6803,0.1518,3,21,458,1416,0.654,0.9305,0.1808,12,5,650,1416,0.2048,0.7314,0.1596,5,26,463,1416,0.1088,0.4962,0.1243,2,37,285,1416,0.3941,0.9674,0.1808,5,13,756,1419,0.2643,0.8331,0.1473,3,6,694,1419,0.2643,0.8331,0.1459,3,6,694,1319,0.5133,0.9995,0.1918,10,8,618,1419,0.8788,0.5328,0.1283,39,2,317,1419,0.2001,0.7222,0.1529,3,17,497,1419,0.3411,0.9259,0.1776,6,14,670,1419,0.2459,0.8048,0.1642,4,28,557,1419,0.2593,0.8257,0.1621,3,24,635
55,الرحمن,Ar-Rahman,medinan,78,1591,0.3947,0.9678,0.154,5,12,801,1591,0.5305,0.9973,0.1552,12,6,981,1591,0.0295,0.1921,0.0635,2,146,89,1591,0.1502,0.6104,0.1232,2,28,461,1591,0.6493,0.9347,0.1408,13,3,805,1591,0.2722,0.8445,0.1345,4,24,659,1591,0.1263,0.5473,0.1125,3,56,377,1591,0.347,0.9313,0.1534,6,11,902,1596,0.2619,0.8296,0.1216,2,6,714,1596,0.2619,0.8296,0.1209,2,6,714,1450,0.4745,0.9981,0.1628,8,10,688,1596,0.916,0.416,0.1078,74,2,241,1596,0.2475,0.8073,0.136,4,18,586,1596,0.3001,0.8814,0.1491,4,11,813,1596,0.3208,0.9053,0.1404,5,18,782,1596,0.2218,0.7634,0.1429,4,23,615
56,الواقعة,Al-Waqi'ah,meccan,96,1650,0.3673,0.9486,0.1867,6,14,843,1650,0.6224,0.9563,0.1867,15,7,834,1650,0.0455,0.2668,0.0782,2,178,149,1650,0.1655,0.6472,0.1394,2,25,506,1650,0.7103,0.8683,0.1733,17,4,716,1650,0.1909,0.7034,0.1521,6,24,510,1650,0.0921,0.4435,0.1055,2,60,289,1650,0.3885,0.9638,0.1794,5,10,949,1660,0.2506,0.8122,0.147,2,7,784,1660,0.2506,0.8122,0.1476,2,7,784,1514,0.4498,0.9927,0.1942,10,14,758,1660,0.8693,0.5594,0.1265,28,2,396,1660,0.1946,0.711,0.1542,3,28,537,1660,0.2651,0.8343,0.1657,4,19,705,1660,0.2633,0.8316,0.1699,4,19,668,1660,0.2494,0.8103,0.1633,4,29,665
57,الحديد,Al-Hadid,medinan,29,2358,0.3384,0.9233,0.1751,6,18,1021,2358,0.6315,0.9495,0.1739,11,7,1212,2358,0.042,0.2513,0.0708,1,134,199,2358,0.1662,0.649,0.1306,2,28,733,2358,0.7091,0.8699,0.1662,18,6,1009,2358,0.187,0.6952,0.145,4,32,755,2358,0.1111,0.5033,0.117,2,46,489,2358,0.3779,0.9565,0.1756,5,14,1252,2366,0.2713,0.8434,0.1429,3,7,1168,2366,0.2713,0.8434,0.1429,3,7,1168,2199,0.4834,0.9992,0.1828,9,9,1131,2366,0.8872,0.5084,0.1112,39,2,509,2366,0.2485,0.8089,0.156,5,34,875,2366,0.2811,0.8569,0.1665,5,20,988,2366,0.2692,0.8404,0.1644,4,18,957,2366,0.2358,0.7881,0.1555,4,17,905
58,المجادلة,Al-Mujadila,medinan,22,1910,0.3288,0.9137,0.1754,6,19,807,1910,0.6168,0.9603,0.1822,10,6,980,1910,0.0288,0.1883,0.0607,1,103,110,1910,0.1843,0.6894,0.1403,2,25,652,1910,0.7063,0.8735,0.1723,15,7,773,1910,0.2168,0.7542,0.1529,4,22,701,1910,0.1204,0.5306,0.1204,2,45,425,1910,0.3717,0.952,0.1806,4,13,1004,1923,0.2756,0.8494,0.1498,3,7,984,1923,0.2756,0.8494,0.1503,3,7,984,1771,0.4675,0.997,0.188,9,12,881,1923,0.8794,0.5312,0.1212,34,3,416,1923,0.2673,0.8376,0.1695,5,22,731,1923,0.2751,0.8487,0.1669,6,18,759,1923,0.2787,0.8537,0.1706,4,16,777,1923,0.2194,0.7592,0.1581,5,28,675
59,الحشر,Al-Hashr,medinan,24,1819,0.3271,0.9119,0.1787,6,19,801,1819,0.6119,0.9636,0.1842,10,6,964,1819,0.0418,0.2504,0.072,2,88,151,1819,0.188,0.6973,0.1473,2,40,619,1819,0.7097,0.8691,0.1732,19,4,779,1819,0.21,0.7415,0.1539,3,40,655,1819,0.1231,0.5383,0.127,3,42,417,1819,0.3881,0.9636,0.1809,6,11,970,1827,0.2693,0.8404,0.1483,3,7,912,1827,0.2693,0.8404,0.1494,3,7,912,1680,0.4577,0.9948,0.1929,9,12,821,1827,0.8747,0.5445,0.1297,45,4,405,1827,0.2781,0.8528,0.1686,4,16,735,1827,0.2759,0.8498,0.1713,4,27,752,1827,0.2863,0.8638,0.1762,5,22,763,1827,0.2359,0.7882,0.156,4,15,687
60,الممتحنة,Al-Mumtahanah,medinan,13,1472,0.337,0.9219,0.1861,5,19,628,1472,0.606,0.9673,0.1936,12,6,787,1472,0.0285,0.187,0.0639,1,128,85,1472,0.1773,0.6742,0.1474,3,24,469,1472,0.699,0.8825,0.1848,18,7,616,1472,0.2113,0.7439,0.1624,4,27,515,1472,0.1067,0.4898,0.1209,3,48,295,1472,0.3451,0.9296,0.1841,5,11,742,1483,0.2637,0.8322,0.1517,2,8,724,1483,0.2637,0.8322,0.1524,2,8,724,1352,0.4815,0.999,0.1967,8,13,645,1483,0.8941,0.4873,0.12,50,3,295,1483,0.2374,0.7906,0.1652,5,21,525,1483,0.2576,0.8231,0.176,5,24,574,1483,0.2866,0.8643,0.1794,4,18,641,1483,0.2306,0.7791,0.1618,5,20,557
61,الصف,As-Saf,medinan,14,895,0.333,0.9179,0.1989,6,17,384,895,0.6313,0.9497,0.2022,16,8,436,895,0.0425,0.2535,0.0916,1,183,77,895,0.1665,0.6496,0.1631,3,30,273,895,0.7117,0.8665,0.1888,14,5,407,895,0.1877,0.6967,0.1721,5,31,279,895,0.1084,0.495,0.1352,2,45,181,895,0.3933,0.9669,0.1978,5,9,511,906,0.266,0.8357,0.1667,2,8,462,906,0.266,0.8357,0.1678,2,8,462,828,0.4903,0.9997,0.2101,11,11,410,906,0.8819,0.5239,0.1391,56,2,205,906,0.2494,0.8104,0.1799,5,20,301,906,0.2715,0.8436,0.1932,5,13,364,906,0.2726,0.8452,0.1943,3,15,351,906,0.2583,0.8241,0.1821,5,19,364
62,الجمعة,Al-Jumu'ah,medinan,11,702,0.3376,0.9225,0.2151,4,9,301,702,0.6467,0.937,0.2123,11,4,359,702,0.0399,0.2418,0.0855,2,86,55,702,0.1567,0.6263,0.161,2,20,211,702,0.7194,0.8563,0.1994,16,8,263,702,0.1852,0.6913,0.1752,2,22,229,702,0.0997,0.4681,0.1467,2,39,139,702,0.3903,0.965,0.2179,4,10,376,709,0.2793,0.8544,0.1735,3,6,358,709,0.2793,0.8544,0.1735,3,6,358,658,0.4605,0.9955,0.2295,6,7,348,709,0.8801,0.529,0.1523,41,3,159,709,0.2722,0.8446,0.2087,5,15,283,709,0.2666,0.8365,0.1946,5,21,271,709,0.2948,0.8748,0.2087,3,11,307,709,0.2214,0.7628,0.1805,4,17,243
63,المنافقون,Al-Munafiqun,medinan,11,755,0.3192,0.9035,0.2079,5,24,298,755,0.6026,0.9694,0.2106,8,6,396,755,0.0411,0.2471,0.0914,1,83,63,755,0.2026,0.7272,0.1775,2,17,280,755,0.7152,0.8619,0.2026,16,6,296,755,0.2053,0.7324,0.1775,6,21,258,755,0.106,0.4876,0.1377,2,33,155,755,0.3868,0.9627,0.2132,4,7,404,758,0.2546,0.8185,0.1675,2,8,368,758,0.2546,0.8185,0.1675,2,8,368,694,0.4481,0.9922,0.219,6,10,339,758,0.9077,0.4443,0.1346,51,2,127,758,0.2718,0.844,0.1926,5,16,285,758,0.2625,0.8305,0.2005,4,17,283,758,0.2902,0.869,0.2018,3,17,320,758,0.2322,0.7818,0.19,4,25,264
64,التغابن,At-Taghabun,medinan,18,1010,0.3178,0.902,0.1931,6,21,432,1010,0.6327,0.9486,0.201,12,5,513,1010,0.0366,0.2266,0.0772,1,136,75,1010,0.1713,0.6606,0.1594,2,25,325,1010,0.705,0.8752,0.1871,14,4,409,1010,0.1772,0.674,0.1634,3,25,313,1010,0.102,0.4752,0.1248,2,50,195,1010,0.3703,0.9509,0.199,4,9,531,1017,0.2714,0.8434,0.1632,2,6,494,1017,0.2714,0.8434,0.1632,2,6,494,947,0.4857,0.9994,0.2101,6,9,469,1017,0.8889,0.5033,0.1259,52,2,217,1017,0.2537,0.8171,0.1839,5,20,371,1017,0.2842,0.8611,0.1809,4,18,397,1017,0.2861,0.8637,0.1839,4,15,433,1017,0.2026,0.727,0.1632,3,22,342
65,الطلاق,At-Talaq,medinan,12,1132,0.3375,0.9224,0.1873,5,13,518,1132,0.5883,0.9774,0.2049,8,8,594,1132,0.0415,0.2492,0.0866,1,80,95,1132,0.2217,0.7633,0.1643,3,22,455,1132,0.7182,0.8579,0.1855,18,5,436,1132,0.2226,0.7649,0.1714,3,18,426,1132,0.1254,0.5448,0.1316,2,42,269,1132,0.4046,0.9736,0.1926,5,9,635,1142,0.282,0.8581,0.1629,3,7,588,1142,0.282,0.8581,0.1637,3,7,588,1048,0.4838,0.9992,0.209,10,7,580,1142,0.8844,0.5165,0.134,34,2,251,1142,0.2688,0.8398,0.1839,6,21,402,1142,0.2627,0.8308,0.183,5,18,414,1142,0.2793,0.8545,0.1874,4,22,450,1142,0.2294,0.777,0.1725,4,17,426
66,التحريم,At-Tahrim,medinan,12,1023,0.3675,0.9488,0.1965,7,18,477,1023,0.6139,0.9622,0.2063,15,6,515,1023,0.0401,0.2427,0.087,1,109,83,1023,0.1818,0.684,0.1632,2,22,343,1023,0.7195,0.8562,0.1877,13,4,429,1023,0.2053,0.7324,0.1662,3,35,343,1023,0.1212,0.5328,0.1388,2,39,219,1023,0.3773,0.9561,0.1975,4,12,552,1037,0.2681,0.8387,0.161,2,8,518,1037,0.2681,0.8387,0.161,2,8,518,950,0.4811,0.999,0.2063,8,7,478,1037,0.892,0.4939,0.1321,40,2,207,1037,0.2392,0.7936,0.1823,5,33,355,1037,0.2546,0.8185,0.1765,4,19,401,1037,0.2662,0.8359,0.1794,4,30,417,1037,0.2517,0.8139,0.1707,3,15,429
67,الملك,Al-Mulk,meccan,30,1271,0.3643,0.9462,0.1959,6,14,589,1271,0.6098,0.965,0.1912,9,5,704,1271,0.0511,0.2912,0.0834,1,60,131,1271,0.1841,0.689,0.1526,4,20,431,1271,0.6994,0.882,0.1802,14,5,537,1271,0.1959,0.7137,0.1613,5,31,433,1271,0.1046,0.4835,0.1251,3,41,237,1271,0.3737,0.9535,0.1873,5,10,689,1275,0.2824,0.8586,0.1576,3,7,674,1275,0.2824,0.8586,0.1576,3,7,674,1178,0.5076,0.9998,0.2037,7,8,597,1275,0.8839,0.518,0.1294,35,3,269,1275,0.218,0.7566,0.1671,4,21,441,1275,0.2871,0.8649,0.1804,4,15,553,1275,0.2682,0.8389,0.1757,4,19,515,1275,0.2596,0.8262,0.1788,5,20,506
68,القلم,Al-Qalam,meccan,52,1234,0.3436,0.9282,0.1945,5,13,581,1234,0.6216,0.9569,0.1912,10,6,631,1234,0.0438,0.2593,0.081,1,111,109,1234,0.171,0.66,0.1491,3,25,401,1234,0.718,0.8582,0.1791,18,4,527,1234,0.1921,0.7058,0.1596,4,27,407,1234,0.1037,0.4807,0.1224,3,38,243,1234,0.3776,0.9564,0.1888,7,8,693,1237,0.2587,0.8248,0.1568,3,8,610,1237,0.2587,0.8248,0.1568,2,8,611,1147,0.5039,1.0,0.2049,7,14,567,1237,0.882,0.5237,0.1302,33,2,277,1237,0.215,0.751,0.1641,3,24,441,1237,0.2692,0.8403,0.1803,4,20,517,1237,0.2789,0.8539,0.1876,4,20,521,1237,0.2417,0.7979,0.1754,4,18,491
69,الحاقة,Al-Haqqah,meccan,52,1074,0.3408,0.9256,0.1983,6,14,471,1074,0.5559,0.991,0.1983,17,6,597,1074,0.0512,0.2915,0.0978,2,67,107,1074,0.189,0.6994,0.1601,2,22,359,1074,0.7253,0.8481,0.1853,17,4,461,1074,0.2318,0.7812,0.1723,3,23,419,1074,0.1248,0.5429,0.135,3,29,249,1074,0.3268,0.9116,0.1881,4,12,550,1076,0.2649,0.834,0.1524,3,6,528,1076,0.2649,0.834,0.1524,3,6,528,978,0.499,1.0,0.2035,10,9,522,1076,0.8745,0.5449,0.1301,31,3,239,1076,0.2454,0.8038,0.1784,4,22,402,1076,0.2677,0.8381,0.1887,6,19,441,1076,0.276,0.85,0.1914,4,26,464,1076,0.2258,0.7707,0.1664,4,22,391
70,المعارج,Al-Ma'arij,meccan,44,911,0.3425,0.9272,0.2075,5,20,424,911,0.6487,0.9352,0.1965,15,4,446,911,0.0384,0.235,0.0856,1,108,71,911,0.1822,0.6849,0.1581,3,28,309,911,0.7146,0.8627,0.1954,17,5,389,911,0.1888,0.699,0.1701,2,33,309,911,0.1164,0.5188,0.135,2,32,197,911,0.3513,0.9352,0.1987,3,11,499,917,0.2715,0.8437,0.1712,3,7,450,917,0.2715,0.8437,0.1712,3,7,450,848,0.5047,0.9999,0.2064,8,8,430,917,0.8713,0.5538,0.1472,41,2,210,917,0.2225,0.7646,0.1658,3,19,351,917,0.2814,0.8573,0.193,5,17,394,917,0.2323,0.782,0.1821,5,21,321,917,0.2508,0.8126,0.1745,3,14,370
71,نوح,Nuh,meccan,28,928,0.2996,0.8808,0.1961,4,15,391,928,0.5862,0.9784,0.208,14,8,513,928,0.0409,0.2466,0.0884,1,101,77,928,0.1649,0.6458,0.1627,2,38,286,928,0.6185,0.9591,0.2037,14,6,437,928,0.2468,0.8061,0.1853,4,28,381,928,0.0905,0.4382,0.1218,2,55,163,928,0.3707,0.9512,0.2015,6,9,471,932,0.2908,0.8697,0.1738,3,8,456,932,0.2908,0.8697,0.1738,3,8,456,867,0.4464,0.9917,0.2122,11,11,425,932,0.8766,0.539,0.1373,39,2,205,932,0.2736,0.8466,0.1867,4,18,384,932,0.353,0.9367,0.2028,6,16,386,932,0.3294,0.9143,0.2028,4,13,441,932,0.2146,0.7502,0.1781,3,17,337
72,الجن,Al-Jinn,meccan,28,1063,0.3076,0.8904,0.1938,5,15,470,1063,0.5842,0.9794,0.2004,10,5,597,1063,0.0489,0.2818,0.0894,2,66,100,1063,0.2041,0.7301,0.1609,3,19,386,1063,0.6482,0.9357,0.1985,14,7,476,1063,0.2606,0.8276,0.1759,4,18,480,1063,0.1082,0.4944,0.1289,4,65,195,1063,0.3979,0.9697,0.1985,5,8,583,1066,0.3039,0.8861,0.167,2,7,576,1066,0.3039,0.8861,0.1642,2,7,576,975,0.4677,0.997,0.2103,9,17,465,1066,0.8931,0.4906,0.1313,44,4,197,1066,0.272,0.8444,0.1764,3,16,456,1066,0.3311,0.9161,0.1951,8,18,448,1066,0.3114,0.8948,0.1914,4,19,488,1066,0.2364,0.789,0.1698,4,27,422
73,المزمل,Al-Muzzammil,meccan,20,809,0.335,0.9199,0.199,5,11,372,809,0.581,0.981,0.2126,9,5,439,809,0.0556,0.3098,0.1063,2,78,89,809,0.1817,0.6838,0.1693,3,24,265,809,0.67,0.915,0.2015,12,5,363,809,0.2287,0.7757,0.1904,2,18,295,809,0.0977,0.4615,0.1397,2,53,145,809,0.3832,0.9603,0.2101,4,8,429,811,0.2922,0.8716,0.1813,3,6,402,811,0.2922,0.8716,0.1825,3,6,402,746,0.4517,0.9933,0.2118,7,9,373,811,0.8755,0.5423,0.1504,32,3,179,811,0.2651,0.8344,0.1899,4,19,315,811,0.3169,0.901,0.1998,4,13,371,811,0.3046,0.8868,0.2022,4,14,341,811,0.2441,0.8019,0.1862,3,21,336
74,المدثر,Al-Muddaththir,meccan,56,985,0.3543,0.9379,0.202,9,13,450,985,0.5797,0.9816,0.2041,10,7,520,985,0.0426,0.2543,0.0893,1,75,85,985,0.1553,0.623,0.1503,3,25,285,985,0.6751,0.9096,0.197,18,7,433,985,0.198,0.7178,0.1584,2,50,322,985,0.0934,0.4477,0.1239,3,72,168,985,0.4091,0.976,0.2,5,9,579,989,0.2892,0.8677,0.1668,2,6,522,989,0.2892,0.8677,0.1668,2,6,522,906,0.5033,1.0,0.2163,8,8,441,989,0.8716,0.5531,0.1436,32,3,228,989,0.2224,0.7646,0.1739,4,34,325,989,0.3175,0.9016,0.1931,5,15,451,989,0.2801,0.8556,0.185,4,24,373,989,0.2588,0.825,0.184,4,21,394
75,القيامة,Al-Qiyamah,meccan,40,637,0.3532,0.9369,0.2151,3,9,337,637,0.5667,0.9871,0.2214,8,5,362,637,0.0597,0.3261,0.1177,1,57,77,637,0.1821,0.6847,0.1774,2,22,213,637,0.7159,0.861,0.1994,20,5,281,637,0.2025,0.7269,0.1758,2,20,233,637,0.1162,0.5182,0.1507,2,38,133,637,0.3846,0.9612,0.2182,4,10,358,639,0.2692,0.8403,0.18,2,6,330,639,0.2692,0.8403,0.18,2,6,330,555,0.4667,0.9968,0.236,7,6,285,639,0.8936,0.489,0.1362,32,2,133,639,0.2207,0.7614,0.18,4,19,238,639,0.2645,0.8334,0.2003,4,22,265,639,0.2848,0.8619,0.2066,5,13,274,639,0.2817,0.8577,0.2097,4,13,274
76,الانسان,Al-Insan,medinan,31,1052,0.3251,0.9098,0.1911,5,13,489,1052,0.5532,0.9918,0.2063,9,8,571,1052,0.0361,0.2242,0.0751,2,162,75,1052,0.1578,0.629,0.1473,2,20,320,1052,0.6464,0.9373,0.1958,17,9,454,1052,0.27,0.8414,0.1825,6,13,441,1052,0.115,0.5149,0.1359,3,56,218,1052,0.366,0.9475,0.1958,5,9,563,1057,0.2781,0.8529,0.1646,3,7,498,1057,0.2781,0.8529,0.1656,3,7,498,974,0.4897,0.9997,0.2177,10,10,492,1057,0.8638,0.5743,0.1476,56,3,253,1057,0.2621,0.8298,0.1864,6,17,441,1057,0.3538,0.9374,0.1939,7,13,490,1057,0.3009,0.8823,0.1921,4,19,458,1057,0.2517,0.8139,0.1769,3,15,425
77,المرسلات,Al-Mursalat,meccan,50,793,0.3821,0.9595,0.2068,7,12,392,793,0.6482,0.9357,0.2018,10,7,393,793,0.0416,0.2496,0.0908,2,93,63,793,0.1248,0.5431,0.1501,2,32,189,793,0.7011,0.8799,0.1955,13,5,334,793,0.1513,0.6131,0.1614,2,29,207,793,0.0656,0.3492,0.1072,2,82,95,793,0.3922,0.9662,0.1992,8,10,426,795,0.2579,0.8235,0.161,3,7,364,795,0.2579,0.8235,0.161,3,7,365,742,0.4569,0.9946,0.2116,13,8,399,795,0.9082,0.4425,0.1308,41,2,137,795,0.2164,0.7535,0.1686,3,17,279,795,0.2805,0.8561,0.1962,5,16,344,795,0.2893,0.8678,0.1937,4,15,333,795,0.2553,0.8196,0.1786,3,17,324
78,النبإ,An-Naba,meccan,40,752,0.3551,0.9385,0.2101,6,14,367,752,0.5399,0.9954,0.2101,10,7,412,752,0.0412,0.2479,0.0971,1,66,63,752,0.1476,0.6038,0.1609,3,26,204,752,0.633,0.9484,0.2021,11,5,380,752,0.2753,0.8489,0.1888,5,17,324,752,0.1104,0.501,0.1436,3,48,151,752,0.3338,0.9187,0.1981,4,10,361,760,0.2961,0.8764,0.1816,3,6,358,760,0.2961,0.8764,0.1829,3,6,358,712,0.4171,0.9801,0.2177,7,9,364,760,0.8961,0.4814,0.1395,47,3,145,760,0.2789,0.854,0.1934,3,12,344,760,0.3553,0.9387,0.2039,7,13,364,760,0.3316,0.9165,0.2079,4,10,364,760,0.2039,0.7298,0.175,4,20,253
79,النازعات,An-Nazi'at,meccan,46,735,0.3048,0.887,0.2014,4,16,323,735,0.4884,0.9996,0.2218,8,8,392,735,0.0327,0.2075,0.0844,1,133,49,735,0.2068,0.7353,0.1714,2,20,281,735,0.6776,0.907,0.2082,12,5,345,735,0.2707,0.8425,0.2027,4,15,298,735,0.1333,0.5665,0.1537,3,27,181,735,0.3442,0.9288,0.2068,8,9,365,740,0.277,0.8514,0.1676,3,7,370,740,0.277,0.8514,0.1689,3,7,371,621,0.504,1.0,0.2303,12,8,325,740,0.8541,0.5996,0.1608,29,3,173,740,0.227,0.7728,0.1797,4,28,254,740,0.2905,0.8694,0.1986,5,20,333,740,0.2838,0.8606,0.2,5,13,316,740,0.2297,0.7775,0.1851,4,20,299
80,عبس,'Abasa,meccan,42,533,0.3415,0.9262,0.227,5,11,239,533,0.4916,0.9998,0.2364,6,6,314,533,0.0507,0.2892,0.1088,2,72,49,533,0.2158,0.7523,0.197,3,15,202,533,0.6998,0.8815,0.2195,16,3,249,533,0.2702,0.8417,0.2064,4,10,242,533,0.1482,0.6054,0.167,2,20,152,533,0.3189,0.9032,0.2176,4,14,259,534,0.2846,0.8617,0.1948,2,7,278,534,0.2846,0.8617,0.1948,2,7,278,462,0.5346,0.9965,0.2468,15,10,229,534,0.8408,0.6323,0.1723,28,3,139,534,0.2097,0.741,0.191,3,18,187,534,0.2809,0.8567,0.2228,4,18,241,534,0.2491,0.8098,0.2097,4,21,211,534,0.236,0.7882,0.2041,3,23,219
81,التكوير,At-Takwir,meccan,29,407,0.3612,0.9437,0.2383,8,10,192,407,0.5676,0.9868,0.2359,11,6,246,407,0.0418,0.2503,0.1081,1,61,35,407,0.172,0.6622,0.1867,2,15,134,407,0.6437,0.9395,0.2211,12,4,164,407,0.2236,0.7667,0.2113,3,16,154,407,0.0885,0.4313,0.1622,2,52,65,407,0.43,0.9858,0.2408,4,8,238,407,0.2752,0.8488,0.1794,2,6,210,407,0.2752,0.8488,0.1794,2,6,210,369,0.4119,0.9775,0.2547,6,9,173,407,0.8526,0.6033,0.1892,25,3,107,407,0.2088,0.7393,0.2039,3,15,125,407,0.3538,0.9374,0.231,4,11,205,407,0.2899,0.8686,0.226,4,13,178,407,0.1966,0.715,0.1966,3,21,130
82,الإنفطار,Al-Infitar,meccan,19,312,0.3558,0.9391,0.2692,5,10,145,312,0.6026,0.9694,0.2628,11,4,165,312,0.0224,0.1549,0.0994,1,95,15,312,0.1282,0.5525,0.1987,2,34,77,312,0.6763,0.9084,0.2596,13,4,138,312,0.1763,0.6719,0.2244,2,31,91,312,0.0737,0.3796,0.1538,1,68,46,312,0.3686,0.9496,0.2724,5,8,163,314,0.2803,0.8558,0.2261,3,6,164,314,0.2803,0.8558,0.2229,3,6,164,289,0.5294,0.9975,0.2941,6,6,160,314,0.8822,0.5231,0.1943,46,2,72,314,0.2038,0.7295,0.2261,3,13,102,314,0.2994,0.8805,0.258,3,14,149,314,0.2994,0.8805,0.2484,4,10,144,314,0.242,0.7984,0.2293,3,13,125
83,المطففين,Al-Mutaffifin,meccan,36,717,0.364,0.946,0.2148,5,12,342,717,0.6304,0.9504,0.2134,14,4,343,717,0.0349,0.2182,0.0893,1,75,51,717,0.1437,0.5937,0.159,2,44,199,717,0.6834,0.9006,0.2092,13,7,306,717,0.1953,0.7123,0.1757,4,46,237,717,0.0921,0.4433,0.1325,3,49,113,717,0.357,0.9402,0.2064,4,9,384,719,0.249,0.8096,0.1725,2,7,348,719,0.249,0.8096,0.1711,2,7,348,666,0.4655,0.9966,0.2192,6,9,347,719,0.9082,0.4424,0.1377,49,2,121,719,0.2309,0.7795,0.1878,3,23,279,719,0.2935,0.8732,0.2003,3,13,320,719,0.2935,0.8732,0.2031,5,26,311,719,0.2643,0.8331,0.1919,3,16,302
84,الإنشقاق,Al-Inshiqaq,meccan,25,427,0.3466,0.931,0.2412,4,18,204,427,0.5527,0.992,0.2319,9,4,252,427,0.0539,0.3026,0.1241,1,80,47,427,0.2061,0.7339,0.2084,3,30,160,427,0.6511,0.9331,0.2365,14,6,182,427,0.2342,0.7852,0.2155,2,14,170,427,0.1148,0.5141,0.1663,3,29,83,427,0.3536,0.9373,0.2389,5,8,228,429,0.2797,0.8551,0.1981,2,5,216,429,0.2797,0.8551,0.2028,2,5,216,389,0.491,0.9998,0.2494,6,11,181,429,0.8858,0.5125,0.1772,32,2,85,429,0.2401,0.7952,0.2168,3,12,161,429,0.3193,0.9037,0.2354,6,13,189,429,0.2867,0.8644,0.2261,4,15,192,429,0.2401,0.7952,0.2121,3,19,174
85,البروج,Al-Buruj,meccan,22,432,0.3264,0.9112,0.2315,6,12,190,432,0.662,0.9229,0.2384,12,5,207,432,0.0278,0.1831,0.0903,1,116,24,432,0.1644,0.6446,0.1921,2,36,133,432,0.6644,0.9206,0.2407,13,6,186,432,0.1759,0.6711,0.2083,2,23,135,432,0.1111,0.5033,0.1644,3,34,91,432,0.3935,0.967,0.2361,3,7,250,434,0.2742,0.8474,0.2074,2,6,220,434,0.2742,0.8474,0.2051,2,6,221,407,0.4791,0.9987,0.2383,7,7,219,434,0.8871,0.5086,0.1682,33,2,90,434,0.2419,0.7982,0.2189,4,15,163,434,0.318,0.9022,0.2442,6,13,182,434,0.2396,0.7944,0.2212,4,16,160,434,0.2028,0.7274,0.2074,3,19,141
86,الطارق,At-Tariq,meccan,17,237,0.2911,0.8702,0.2869,4,14,103,237,0.5738,0.9842,0.2954,6,5,146,237,0.0759,0.3877,0.173,1,55,37,237,0.173,0.6645,0.2616,2,20,75,237,0.6709,0.914,0.2954,14,4,101,237,0.2321,0.7816,0.2658,2,14,92,237,0.097,0.4596,0.1941,2,36,45,237,0.4008,0.9714,0.2996,4,6,125,237,0.3122,0.8957,0.2658,3,5,126,237,0.3122,0.8957,0.2658,3,5,127,219,0.4795,0.9988,0.3059,6,8,127,237,0.8397,0.6351,0.2236,18,2,73,237,0.2869,0.8647,0.2785,3,11,110,237,0.3207,0.9051,0.2827,4,12,105,237,0.3249,0.9096,0.2911,4,11,124,237,0.2447,0.8028,0.2574,3,13,93
87,الأعلى,Al-A'la,meccan,19,276,0.3406,0.9254,0.2681,5,7,119,276,0.5217,0.9986,0.2935,5,5,155,276,0.0362,0.2247,0.1196,1,88,21,276,0.1812,0.6826,0.2391,3,27,87,276,0.7138,0.8638,0.2609,9,3,127,276,0.163,0.6415,0.2319,3,24,77,276,0.0906,0.4384,0.1775,2,49,45,276,0.3841,0.9609,0.2717,3,8,156,276,0.2826,0.859,0.2391,2,7,146,276,0.2826,0.859,0.2391,2,7,146,238,0.5252,0.9982,0.3109,9,6,113,276,0.8043,0.7131,0.2283,18,3,85,276,0.2065,0.7348,0.2536,3,21,91,276,0.2899,0.8685,0.2645,3,14,128,276,0.25,0.8113,0.2536,3,14,107,276,0.2899,0.8685,0.2645,4,12,126
88,الغاشية,Al-Ghashiyah,meccan,26,372,0.3468,0.9312,0.2554,4,12,171,372,0.5511,0.9925,0.25,7,6,236,372,0.043,0.2559,0.1156,1,61,33,372,0.1694,0.6562,0.1962,1,18,126,372,0.7312,0.8398,0.2392,13,4,151,372,0.2446,0.8026,0.2177,2,15,162,372,0.1317,0.5621,0.1828,2,37,88,372,0.3306,0.9156,0.2446,4,12,195,372,0.25,0.8113,0.1801,2,5,184,372,0.25,0.8113,0.1828,2,5,184,326,0.5337,0.9967,0.2699,9,7,163,372,0.8522,0.6044,0.1989,18,4,97,372,0.2151,0.751,0.2097,5,17,122,372,0.2715,0.8436,0.2366,4,15,159,372,0.2661,0.8359,0.2366,3,19,145,372,0.2366,0.7893,0.2312,2,17,149
89,الفجر,Al-Fajr,meccan,30,544,0.3529,0.9367,0.2169,5,11,268,544,0.5901,0.9765,0.2279,7,7,291,544,0.0423,0.2526,0.0956,1,56,47,544,0.1489,0.6071,0.1673,4,24,149,544,0.6673,0.9177,0.2279,13,5,262,544,0.1967,0.7153,0.1912,3,22,187,544,0.1011,0.4725,0.1397,3,57,103,544,0.3805,0.9584,0.2169,4,11,307,546,0.2894,0.8679,0.1905,2,6,280,546,0.2894,0.8679,0.1886,2,6,281,505,0.5168,0.9992,0.2396,9,5,260,546,0.859,0.5869,0.1685,36,3,143,546,0.2381,0.7919,0.2015,3,12,217,546,0.3187,0.9029,0.2271,4,13,254,546,0.2985,0.8795,0.2125,5,20,249,546,0.2216,0.7631,0.1941,4,21,208
90,البلد,Al-Balad,meccan,20,323,0.3282,0.913,0.257,5,14,141,323,0.5882,0.9774,0.2663,7,5,182,323,0.0526,0.2975,0.1362,1,71,35,323,0.1765,0.6723,0.2322,3,28,97,323,0.6811,0.9032,0.2663,14,4,131,323,0.2198,0.7598,0.2291,2,13,118,323,0.13,0.5575,0.1827,2,29,68,323,0.356,0.9393,0.2539,3,8,184,326,0.2822,0.8584,0.2086,2,6,170,326,0.2822,0.8584,0.2086,2,6,170,291,0.512,0.9996,0.268,9,7,142,326,0.911,0.433,0.1595,60,2,49,326,0.2239,0.7673,0.2362,4,32,116,326,0.3006,0.882,0.2515,5,14,131,326,0.2761,0.85,0.2423,4,18,138,326,0.2117,0.7446,0.2301,4,23,103
91,الشمس,Ash-Shams,meccan,15,241,0.278,0.8527,0.2697,4,12,93,241,0.4647,0.9964,0.3071,7,10,114,241,0.0581,0.3198,0.1577,1,55,29,241,0.2365,0.7892,0.2531,2,11,111,241,0.6473,0.9365,0.2656,6,5,115,241,0.3029,0.8848,0.278,3,9,100,241,0.1701,0.658,0.2282,2,12,77,241,0.2863,0.8639,0.278,3,10,107,241,0.2531,0.8162,0.2407,2,6,108,241,0.2531,0.8162,0.2407,2,6,109,218,0.4725,0.9978,0.2936,8,5,115,241,0.888,0.506,0.2158,41,2,43,241,0.3237,0.9083,0.2656,4,13,98,241,0.3693,0.9501,0.2822,3,6,121,241,0.2656,0.835,0.278,3,18,104,241,0.1826,0.6857,0.2407,2,14,79
92,الليل,Al-Layl,meccan,21,298,0.3289,0.9138,0.2718,4,12,121,298,0.5403,0.9953,0.2785,6,5,180,298,0.0336,0.2119,0.1074,1,122,21,298,0.1846,0.69,0.2315,2,20,101,298,0.698,0.8837,0.255,12,5,142,298,0.2081,0.7377,0.2349,3,27,109,298,0.094,0.4496,0.1644,2,47,47,298,0.4128,0.9779,0.2651,4,6,173,298,0.2752,0.8488,0.2215,2,7,144,298,0.2752,0.8488,0.2248,2,7,145,252,0.4167,0.9799,0.2857,5,8,121,298,0.8523,0.6039,0.2181,19,3,77,298,0.2416,0.7977,0.255,4,15,99,298,0.2919,0.8712,0.2483,3,9,136,298,0.2919,0.8712,0.255,6,16,123,298,0.2718,0.8441,0.245,2,11,130
93,الضحى,Ad-Duhaa,meccan,11,159,0.283,0.8595,0.3333,3,11,66,159,0.522,0.9986,0.3459,4,4,98,159,0.0377,0.2318,0.1509,1,35,13,159,0.1384,0.5799,0.2516,2,25,39,159,0.6667,0.9183,0.3396,7,3,82,159,0.2075,0.7368,0.2642,1,10,67,159,0.0818,0.4084,0.195,1,26,27,159,0.3145,0.8983,0.3396,3,10,80,160,0.3125,0.896,0.3063,3,4,88,160,0.3125,0.896,0.3125,3,4,89,139,0.4964,1.0,0.3813,10,7,62,160,0.8438,0.6253,0.2812,15,2,42,160,0.225,0.7692,0.3375,3,17,57,160,0.3187,0.903,0.325,3,8,76,160,0.3187,0.903,0.3375,3,8,77,160,0.2062,0.7343,0.2875,2,12,63
94,الشرح,Ash-Sharh,meccan,8,97,0.3299,0.9148,0.433,4,10,46,97,0.6082,0.9659,0.4124,5,3,58,97,0.0619,0.3348,0.2371,3,50,9,97,0.1856,0.6921,0.3299,1,9,36,97,0.6495,0.9345,0.433,6,3,46,97,0.134,0.5684,0.268,2,17,24,97,0.0515,0.2929,0.2062,1,50,10,97,0.4536,0.9938,0.4021,3,3,65,97,0.3093,0.8923,0.3505,2,5,54,97,0.3093,0.8923,0.3505,2,5,54,90,0.5889,0.9771,0.4778,6,4,44,97,0.8247,0.6696,0.3814,45,4,24,97,0.134,0.5684,0.268,2,10,25,97,0.3814,0.9591,0.4433,3,8,45,97,0.2887,0.867,0.3505,3,9,42,97,0.2784,0.8532,0.3711,2,6,45
95,التين,At-Tin,meccan,8,147,0.381,0.9587,0.3741,4,12,68,147,0.6531,0.9313,0.3469,9,4,75,147,0.034,0.2141,0.1633,1,52,11,147,0.1633,0.6421,0.2653,2,22,43,147,0.7211,0.854,0.3537,9,3,66,147,0.1565,0.6258,0.2517,2,14,41,147,0.0748,0.3837,0.2109,2,37,21,147,0.4422,0.9903,0.3401,4,6,90,148,0.25,0.8113,0.2973,2,5,68,148,0.25,0.8113,0.2973,2,5,69,138,0.4928,0.9998,0.3696,7,7,65,148,0.8716,0.553,0.2703,24,2,37,148,0.2162,0.7532,0.3311,3,21,49,148,0.2635,0.832,0.3378,3,14,62,148,0.277,0.8514,0.3649,4,15,63,148,0.2635,0.832,0.3378,4,20,54
96,العلق,Al-'Alaq,meccan,19,265,0.3283,0.9132,0.283,4,12,131,265,0.5774,0.9827,0.2717,10,7,144,265,0.0528,0.2983,0.1396,2,55,26,265,0.2113,0.744,0.2491,2,17,106,265,0.7245,0.8492,0.2604,14,5,105,265,0.2151,0.7511,0.2453,3,18,105,265,0.1057,0.4867,0.1849,2,40,52,265,0.4226,0.9827,0.2792,4,5,167,265,0.2943,0.8743,0.2377,2,6,144,265,0.2943,0.8743,0.2415,2,6,144,223,0.4843,0.9993,0.3094,7,8,108,265,0.8,0.7219,0.2377,37,4,89,265,0.2264,0.7717,0.2453,4,17,97,265,0.2264,0.7717,0.2604,3,16,103,265,0.3245,0.9092,0.2755,5,11,123,265,0.2906,0.8695,0.2642,3,15,128
97,القدر,Al-Qadr,meccan,5,106,0.2925,0.8719,0.3679,3,13,45,106,0.6132,0.9627,0.3962,6,3,56,106,0.0377,0.2318,0.2075,1,56,9,106,0.1698,0.6573,0.3019,1,15,36,106,0.717,0.8595,0.4057,15,4,39,106,0.217,0.7546,0.3679,2,9,40,106,0.1321,0.5631,0.3113,2,17,27,106,0.4528,0.9936,0.3962,6,8,58,107,0.2991,0.8801,0.3178,2,5,62,107,0.2991,0.8801,0.3084,2,5,62,93,0.5269,0.9979,0.4839,5,6,50,107,0.9159,0.4165,0.243,45,2,17,107,0.2617,0.8293,0.4019,2,9,51,107,0.243,0.8,0.3925,3,14,38,107,0.3084,0.8913,0.3925,3,8,50,107,0.2991,0.8801,0.3832,2,7,54
98,البينة,Al-Bayyinah,medinan,8,375,0.36,0.9427,0.256,5,13,163,375,0.6,0.971,0.2507,6,6,186,375,0.0293,0.191,0.0907,1,82,23,375,0.1573,0.6279,0.184,2,28,112,375,0.7147,0.8626,0.24,13,4,145,375,0.2187,0.7577,0.2213,4,23,120,375,0.136,0.5737,0.184,3,28,92,375,0.384,0.9608,0.248,3,10,206,379,0.2744,0.8477,0.2111,2,6,196,379,0.2744,0.8477,0.2111,2,6,196,345,0.487,0.9995,0.2609,7,6,184,379,0.8707,0.5555,0.1821,26,2,87,379,0.248,0.8081,0.2269,4,19,137,379,0.2639,0.8325,0.2348,5,23,137,379,0.2665,0.8364,0.2243,5,27,146,379,0.2507,0.8123,0.2375,3,18,141
99,الزلزلة,Az-Zalzalah,medinan,8,152,0.3224,0.9069,0.3355,2,9,75,152,0.5461,0.9939,0.3684,8,8,77,152,0.0461,0.2694,0.1842,1,47,15,152,0.2039,0.7298,0.2763,2,14,55,152,0.5987,0.9717,0.3421,15,4,84,152,0.2961,0.8764,0.3355,2,11,73,152,0.1184,0.5248,0.2566,1,29,36,152,0.4211,0.9819,0.3487,6,6,75,152,0.2566,0.8215,0.2961,2,6,72,152,0.2566,0.8215,0.2895,2,6,72,136,0.4412,0.99,0.3456,4,8,72,152,0.8618,0.5794,0.2632,21,2,34,152,0.2961,0.8764,0.3158,4,12,54,152,0.375,0.9544,0.3553,3,16,77,152,0.3224,0.9069,0.3684,4,9,72,152,0.2566,0.8215,0.3224,2,10,65
100,العاديات,Al-'Adiyat,meccan,11,157,0.3631,0.9452,0.3631,4,8,85,157,0.6178,0.9596,0.3312,5,5,83,157,0.051,0.2904,0.172,1,74,17,157,0.2102,0.7418,0.3312,2,11,63,157,0.7006,0.8805,0.3503,8,4,63,157,0.172,0.6622,0.2675,2,12,51,157,0.1274,0.5502,0.242,3,21,29,157,0.3949,0.9679,0.3631,5,10,78,157,0.2994,0.8805,0.2739,3,5,80,157,0.2994,0.8805,0.2675,3,5,81,147,0.5714,0.9852,0.3537,8,4,84,157,0.8854,0.5138,0.2611,35,2,33,157,0.2229,0.7655,0.293,2,8,65,157,0.2994,0.8805,0.3376,4,9,69,157,0.242,0.7984,0.3248,3,13,65,157,0.2293,0.7768,0.3248,2,9,58
101,القارعة,Al-Qari'ah,meccan,11,149,0.3154,0.8993,0.3356,4,15,63,149,0.5369,0.9961,0.3154,5,3,88,149,0.0336,0.2119,0.1544,1,55,11,149,0.1611,0.6369,0.2819,2,36,45,149,0.6846,0.8993,0.3356,10,4,63,149,0.2685,0.8392,0.3154,3,13,70,149,0.1342,0.5689,0.2819,2,19,36,149,0.2953,0.8755,0.3557,3,14,70,149,0.255,0.8192,0.2819,2,5,72,149,0.255,0.8192,0.2819,2,5,72,135,0.5111,0.9996,0.3852,5,5,74,149,0.8255,0.6679,0.2886,16,2,47,149,0.2416,0.7977,0.3154,3,10,60,149,0.3154,0.8993,0.3557,3,10,65,149,0.2617,0.8294,0.3423,4,17,62,149,0.2416,0.7977,0.3289,3,12,61
102,التكاثر,At-Takathur,meccan,8,116,0.3534,0.9371,0.3879,5,7,59,116,0.6466,0.9371,0.3966,10,4,52,116,0.0259,0.1732,0.181,1,45,7,116,0.1293,0.5555,0.2586,1,14,30,116,0.8017,0.7185,0.3534,16,2,40,116,0.0948,0.4524,0.2672,2,27,20,116,0.0431,0.2563,0.1983,1,52,11,116,0.4569,0.9946,0.3966,5,4,69,117,0.2479,0.8079,0.2906,1,6,58,117,0.2479,0.8079,0.2991,1,6,58,112,0.4643,0.9963,0.4018,5,5,72,117,0.8718,0.5525,0.2735,31,2,22,117,0.2308,0.7793,0.3675,3,9,43,117,0.2137,0.7484,0.3333,3,12,37,117,0.265,0.8341,0.359,4,9,44,117,0.265,0.8341,0.4103,4,13,43
103,العصر,Al-'Asr,meccan,3,65,0.2615,0.8291,0.4615,3,12,27,65,0.5846,0.9792,0.4769,5,2,43,65,0.0923,0.4441,0.3077,1,34,13,65,0.1538,0.6194,0.4,2,12,19,65,0.6,0.971,0.5077,8,3,31,65,0.1846,0.6901,0.4462,2,9,23,65,0.0462,0.2698,0.2462,1,49,7,65,0.4462,0.9916,0.5077,4,5,38,66,0.2576,0.8231,0.4394,2,6,28,66,0.2576,0.8231,0.4242,2,6,29,61,0.3607,0.9432,0.541,3,5,30,66,0.9091,0.4395,0.3182,13,1,13,66,0.2727,0.8454,0.4091,3,6,31,66,0.4394,0.9894,0.5455,5,5,31,66,0.3182,0.9024,0.5,4,5,33,66,0.1667,0.65,0.4242,2,24,20
104,الهمزة,Al-Humazah,meccan,9,126,0.2143,0.7496,0.3413,7,20,33,126,0.6032,0.9691,0.3889,8,3,72,126,0.0397,0.2408,0.1587,1,57,11,126,0.1825,0.6856,0.3175,3,12,41,126,0.7302,0.8412,0.3571,12,4,54,126,0.2698,0.8412,0.3889,2,10,56,126,0.1587,0.6313,0.3333,2,14,36,126,0.381,0.9587,0.4127,3,6,71,127,0.2756,0.8494,0.3071,2,5,68,127,0.2756,0.8494,0.3071,2,5,68,110,0.5818,0.9806,0.4182,15,4,56,127,0.8425,0.6282,0.2756,13,2,33,127,0.2756,0.8494,0.3622,4,16,45,127,0.2362,0.7887,0.3307,2,15,48,127,0.3071,0.8898,0.3858,4,18,51,127,0.1575,0.6282,0.3071,2,13,37
105,الفيل,Al-Fil,meccan,5,95,0.3368,0.9218,0.4632,4,8,45,95,0.5895,0.9768,0.4421,5,3,58,95,0.0421,0.2519,0.2211,1,35,9,95,0.1789,0.6778,0.3474,1,12,34,95,0.8105,0.7004,0.3684,18,3,26,95,0.2,0.7219,0.3579,2,14,34,95,0.1579,0.6292,0.3579,1,16,31,95,0.3263,0.9111,0.4211,3,8,44,95,0.2421,0.7985,0.3263,1,5,46,95,0.2421,0.7985,0.3263,1,5,46,88,0.6818,0.9024,0.4091,8,3,41,95,0.8,0.7219,0.3579,14,2,33,95,0.2211,0.7621,0.3789,2,9,40,95,0.1789,0.6778,0.4,2,15,29,95,0.3053,0.8876,0.4105,3,9,45,95,0.1895,0.7004,0.3474,2,16,35
106,قريش,Quraysh,meccan,4,71,0.3662,0.9477,0.507,3,7,32,71,0.5915,0.9757,0.4648,6,4,40,71,0.0423,0.2525,0.2676,1,23,7,71,0.2113,0.7439,0.4225,1,9,31,71,0.7183,0.8577,0.493,9,4,25,71,0.2254,0.7698,0.4085,2,12,27,71,0.1268,0.5485,0.3099,2,14,17,71,0.338,0.9229,0.4648,3,7,38,71,0.2676,0.838,0.4085,3,7,34,71,0.2676,0.838,0.4085,3,7,34,65,0.5385,0.9957,0.5077,7,7,26,71,0.8732,0.5485,0.3662,14,2,17,71,0.2394,0.7941,0.507,2,8,32,71,0.2535,0.8168,0.4366,4,10,29,71,0.2394,0.7941,0.4507,2,11,26,71,0.1831,0.6868,0.4225,3,11,23
107,الماعون,Al-Ma'un,meccan,7,106,0.3868,0.9627,0.4151,4,11,44,106,0.7358,0.8329,0.3679,11,3,42,106,0.0377,0.2318,0.1887,1,37,9,106,0.1321,0.5631,0.2925,1,23,28,106,0.7547,0.8037,0.3302,10,4,42,106,0.1321,0.5631,0.2736,2,31,24,106,0.0566,0.3138,0.217,2,53,11,106,0.434,0.9874,0.4151,3,4,62,106,0.2547,0.8187,0.3491,2,6,52,106,0.2547,0.8187,0.3585,2,6,52,102,0.5098,0.9997,0.4412,4,4,58,106,0.9528,0.2743,0.1604,64,2,6,106,0.2453,0.8037,0.4151,3,10,43,106,0.2642,0.8329,0.3491,2,6,53,106,0.2547,0.8187,0.3491,3,10,42,106,0.283,0.8595,0.3585,2,10,44
108,الكوثر,Al-Kawthar,meccan,3,39,0.3077,0.8905,0.6154,2,6,19,39,0.5128,0.9995,0.6667,4,3,28,39,0.0513,0.2918,0.4615,1,23,5,39,0.1795,0.679,0.5641,2,18,12,39,0.6667,0.9183,0.641,7,2,21,39,0.2051,0.7321,0.5128,2,19,14,39,0.0769,0.3912,0.4103,1,19,7,39,0.4615,0.9957,0.6923,4,4,24,39,0.2821,0.8582,0.641,2,5,20,39,0.2821,0.8582,0.6154,2,5,20,34,0.5294,0.9975,0.7353,4,4,18,39,1.0,-0.0,0.3077,39,0,1,39,0.1795,0.679,0.5385,2,10,13,39,0.2821,0.8582,0.5641,2,8,20,39,0.3846,0.9612,0.7436,3,5,20,39,0.2821,0.8582,0.641,2,7,18
109,الكافرون,Al-Kafirun,meccan,6,94,0.2979,0.8787,0.3511,2,5,47,94,0.7021,0.8787,0.3404,7,2,38,94,0.0106,0.085,0.1277,1,93,2,94,0.1809,0.6819,0.2979,2,16,28,94,0.6064,0.9671,0.4043,5,2,53,94,0.2021,0.7262,0.3617,2,17,25,94,0.0957,0.4554,0.2766,1,15,19,94,0.3404,0.9252,0.4149,2,5,54,95,0.2842,0.8611,0.3158,1,5,54,95,0.2842,0.8611,0.3368,1,5,54,87,0.5287,0.9976,0.3678,4,7,35,95,0.8211,0.6778,0.3158,27,3,26,95,0.2105,0.7425,0.3684,3,10,29,95,0.3158,0.8997,0.3474,2,7,51,95,0.3053,0.8876,0.3684,3,9,33,95,0.1684,0.6541,0.3474,2,16,27
110,النصر,An-Nasr,medinan,3,75,0.3733,0.9532,0.4933,3,7,41,75,0.4933,0.9999,0.5333,6,5,43,75,0.0133,0.1022,0.2,1,67,3,75,0.1867,0.6944,0.3867,2,10,24,75,0.64,0.9427,0.5067,7,3,37,75,0.2533,0.8165,0.44,4,17,23,75,0.1333,0.5665,0.36,1,27,21,75,0.3867,0.9626,0.5067,5,8,37,75,0.3067,0.8893,0.4533,2,5,38,75,0.3067,0.8893,0.4667,2,5,38,70,0.4857,0.9994,0.5,11,5,27,75,0.8133,0.6944,0.3333,11,2,26,75,0.2533,0.8165,0.44,3,17,30,75,0.3467,0.9311,0.48,2,7,36,75,0.28,0.8555,0.48,2,10,35,75,0.1867,0.6944,0.3867,2,17,27
111,المسد,Al-Masad,meccan,5,79,0.3291,0.914,0.481,5,10,32,79,0.5316,0.9971,0.4684,5,4,52,79,0.0253,0.1703,0.1899,1,36,5,79,0.1772,0.6739,0.4177,2,19,25,79,0.7342,0.8354,0.481,10,5,26,79,0.2658,0.8354,0.4177,2,9,37,79,0.2025,0.727,0.4177,2,13,29,79,0.3418,0.9265,0.4304,2,5,47,79,0.3165,0.9005,0.3671,2,4,46,79,0.3165,0.9005,0.3797,2,4,46,73,0.5753,0.9836,0.4658,6,5,38,79,0.8354,0.6451,0.3671,18,2,25,79,0.2785,0.8534,0.4557,3,8,33,79,0.2785,0.8534,0.4684,5,10,32,79,0.2658,0.8354,0.4304,2,7,33,79,0.1646,0.6451,0.3924,2,13,23
112,الإخلاص,Al-Ikhlas,meccan,4,44,0.1364,0.5746,0.4091,1,18,12,44,0.6818,0.9024,0.5682,18,3,16,44,0.0455,0.2668,0.3409,1,29,4,44,0.2045,0.7309,0.5455,3,23,12,44,0.7045,0.8757,0.6364,9,3,18,44,0.1591,0.6321,0.5,2,23,11,44,0.0909,0.4395,0.4318,1,23,9,44,0.4318,0.9865,0.5909,3,7,22,44,0.3409,0.9257,0.4318,1,3,30,44,0.3409,0.9257,0.4773,1,3,30,42,0.5238,0.9984,0.6667,3,3,22,44,0.8864,0.5108,0.4318,19,1,10,44,0.3864,0.9624,0.5682,4,4,21,44,0.2727,0.8454,0.5909,2,9,18,44,0.3864,0.9624,0.5455,2,3,29,44,0.1136,0.5108,0.4318,1,18,10
113,الفلق,Al-Falaq,meccan,5,68,0.4265,0.9843,0.5,6,6,36,68,0.5735,0.9843,0.5,7,4,36,68,0.0882,0.4306,0.3088,1,16,12,68,0.2206,0.7612,0.4559,2,14,24,68,0.6471,0.9367,0.4706,10,4,32,68,0.1176,0.5226,0.3235,1,25,17,68,0.0441,0.2609,0.2794,1,31,7,68,0.4559,0.9944,0.5,5,6,36,69,0.3333,0.9183,0.3768,1,5,46,69,0.3333,0.9183,0.3913,1,5,46,65,0.4308,0.9861,0.5231,3,5,38,69,0.8116,0.6981,0.3913,15,3,21,69,0.1594,0.6329,0.3478,1,9,23,69,0.4058,0.9742,0.4928,3,11,30,69,0.2029,0.7277,0.3478,2,9,27,69,0.2464,0.8055,0.4058,1,10,34
114,الناس,An-Nas,meccan,6,71,0.2958,0.8761,0.4789,3,8,28,71,0.6056,0.9676,0.5211,8,3,37,71,0.0282,0.1851,0.2113,1,51,4,71,0.0845,0.4179,0.3099,2,32,10,71,0.6901,0.893,0.507,7,3,37,71,0.169,0.6554,0.3803,1,17,25,71,0.0704,0.3675,0.2958,1,40,11,71,0.5493,0.993,0.4366,4,3,50,71,0.2958,0.8761,0.4085,2,5,40,71,0.2958,0.8761,0.4085,2,5,40,68,0.3971,0.9692,0.5294,5,8,34,71,1.0,-0.0,0.169,71,0,1,71,0.2817,0.8577,0.4366,3,13,37,71,0.4507,0.993,0.4789,5,6,28,71,0.3099,0.893,0.4789,3,13,37,71,0.2254,0.7698,0.4085,2,8,30
